Fz,ax_g,ay_g
200,0.0017859896743055766,0.00667552953935467
200,0.00178426005724723,0.006965785191071033
200,0.0017754716166354825,0.007289033461396821
200,0.001767525364400726,0.00746396026620333
200,0.0017546152154817188,0.007683711365674472
200,0.0017401052021788143,0.007878338173516823
200,0.0017214924605873279,0.00808265321952129
200,0.0016981013310694451,0.008296654775775045
200,0.001669184413862699,0.008520172536654127
200,0.0016339288087964087,0.008752826670953014
200,0.0015848431164652858,0.009035579393934729
200,0.0015848431164652858,0.009035579393934729
200,0.001534170559326345,0.009285463001409172
200,0.001534170559326345,0.009285463001409172
200,0.001463700162217931,0.009585609470735085
200,0.0013943555460360125,0.009847747632752236
200,0.0013943555460360125,0.009847747632752236
200,0.001314630548546289,0.010112603029434728
200,0.0013002761518797704,0.010158933320700513
200,0.0001347664558057712,0.013594153446586621
200,0.0001347664558057712,0.013594153446586621
200,6.383993592391009e-05,0.01378311497898274
200,6.383993592391009e-05,0.01378311497898274
200,6.383993592391009e-05,0.01378311497898274
200,-7.0710925396534166e-06,0.01394749584280887
200,-7.0710925396534166e-06,0.01394749584280887
200,-7.0710925396534166e-06,0.01394749584280887
200,-7.741760237333271e-05,0.01408668521078546
200,-7.741760237333271e-05,0.01408668521078546
200,-7.741760237333271e-05,0.01408668521078546
200,-7.741760237333271e-05,0.01408668521078546
200,-7.741760237333271e-05,0.01408668521078546
200,-0.00014667416059296214,0.014200562639556975
200,-0.00014667416059296214,0.014200562639556975
200,-0.00014667416059296214,0.014200562639556975
200,-0.00014667416059296214,0.014200562639556975
200,-0.00014667416059296214,0.014200562639556975
200,-0.00014667416059296214,0.014200562639556975
200,-0.000214358814713259,0.014289357472598983
200,-0.000214358814713259,0.014289357472598983
200,-0.000214358814713259,0.014289357472598983
200,-0.000214358814713259,0.014289357472598983
200,-0.000214358814713259,0.014289357472598983
200,-0.000214358814713259,0.014289357472598983
200,-0.000214358814713259,0.014289357472598983
200,-0.000214358814713259,0.014289357472598983
200,-0.00028004945649286254,0.014353487728249997
200,-0.00028004945649286254,0.014353487728249997
200,-0.00028004945649286254,0.014353487728249997
200,-0.00028004945649286254,0.014353487728249997
200,-0.00028004945649286254,0.014353487728249997
200,-0.00028004945649286254,0.014353487728249997
200,-0.00028004945649286254,0.014353487728249997
200,-0.00028004945649286254,0.014353487728249997
200,-0.00028004945649286254,0.014353487728249997
200,-0.00028004945649286254,0.014353487728249997
200,-0.00028004945649286254,0.014353487728249997
200,-0.00028004945649286254,0.014353487728249997
200,-0.0003433949633258452,0.01439340247742285
200,-0.0003433949633258452,0.01439340247742285
200,-0.0003433949633258452,0.01439340247742285
200,-0.0003433949633258452,0.01439340247742285
200,-0.0003433949633258452,0.01439340247742285
200,-0.0003433949633258452,0.01439340247742285
200,-0.0003433949633258452,0.01439340247742285
200,-0.0003433949633258452,0.01439340247742285
200,-0.0003433949633258452,0.01439340247742285
200,-0.0003433949633258452,0.01439340247742285
200,-0.0003433949633258452,0.01439340247742285
200,-0.0003433949633258452,0.01439340247742285
200,-0.0003433949633258452,0.01439340247742285
200,-0.0003433949633258452,0.01439340247742285
200,-0.0003433949633258452,0.01439340247742285
200,-0.0003433949633258452,0.01439340247742285
200,-0.0003433949633258452,0.01439340247742285
200,-0.0003433949633258452,0.01439340247742285
200,-0.0004041207497548997,0.014409449289475343
200,-0.0004041207497548997,0.014409449289475343
200,-0.0004041207497548997,0.014409449289475343
200,-0.0004041207497548997,0.014409449289475343
200,-0.0004041207497548997,0.014409449289475343
200,-0.0004041207497548997,0.014409449289475343
200,-0.0004041207497548997,0.014409449289475343
200,-0.0004041207497548997,0.014409449289475343
200,-0.0004041207497548997,0.014409449289475343
200,-0.0004041207497548997,0.014409449289475343
200,-0.0004041207497548997,0.014409449289475343
200,-0.0004041207497548997,0.014409449289475343
200,-0.0004041207497548997,0.014409449289475343
200,-0.0004041207497548997,0.014409449289475343
200,-0.0004041207497548997,0.014409449289475343
200,-0.0004041207497548997,0.014409449289475343
200,-0.0004041207497548997,0.014409449289475343
200,-0.0004041207497548997,0.014409449289475343
200,-0.0004041207497548997,0.014409449289475343
200,-0.0004041207497548997,0.014409449289475343
200,-0.0004041207497548997,0.014409449289475343
200,-0.0004041207497548997,0.014409449289475343
200,-0.00046202908383182595,0.01440178345241437
200,-0.00046202908383182595,0.01440178345241437
200,-0.00046202908383182595,0.01440178345241437
200,-0.00046202908383182595,0.01440178345241437
200,-0.00046202908383182595,0.01440178345241437
200,-0.00046202908383182595,0.01440178345241437
200,-0.00046202908383182595,0.01440178345241437
200,-0.00046202908383182595,0.01440178345241437
200,-0.00046202908383182595,0.01440178345241437
200,-0.00046202908383182595,0.01440178345241437
200,-0.00046202908383182595,0.01440178345241437
200,-0.00046202908383182595,0.01440178345241437
200,-0.00046202908383182595,0.01440178345241437
200,-0.00046202908383182595,0.01440178345241437
200,-0.00046202908383182595,0.01440178345241437
200,-0.00046202908383182595,0.01440178345241437
200,-0.00046202908383182595,0.01440178345241437
200,-0.00046202908383182595,0.01440178345241437
200,-0.00046202908383182595,0.01440178345241437
200,-0.00046202908383182595,0.01440178345241437
200,-0.00046202908383182595,0.01440178345241437
200,-0.00046202908383182595,0.01440178345241437
200,-0.0005169950550135131,0.014370329644414549
200,-0.0005169950550135131,0.014370329644414549
200,-0.0005169950550135131,0.014370329644414549
200,-0.0005169950550135131,0.014370329644414549
200,-0.0005169950550135131,0.014370329644414549
200,-0.0005169950550135131,0.014370329644414549
200,-0.0005169950550135131,0.014370329644414549
200,-0.0005169950550135131,0.014370329644414549
200,-0.0005169950550135131,0.014370329644414549
200,-0.0005169950550135131,0.014370329644414549
200,-0.0005169950550135131,0.014370329644414549
200,-0.0005169950550135131,0.014370329644414549
200,-0.0005169950550135131,0.014370329644414549
200,-0.0005169950550135131,0.014370329644414549
200,-0.0005169950550135131,0.014370329644414549
200,-0.0005169950550135131,0.014370329644414549
200,-0.0005169950550135131,0.014370329644414549
200,-0.0005689593669477945,0.014314800376228998
200,-0.0005689593669477945,0.014314800376228998
200,-0.0005689593669477945,0.014314800376228998
200,-0.0005689593669477945,0.014314800376228998
200,-0.0005689593669477945,0.014314800376228998
200,-0.0005689593669477945,0.014314800376228998
200,-0.0005689593669477945,0.014314800376228998
200,-0.0005689593669477945,0.014314800376228998
200,-0.0005689593669477945,0.014314800376228998
200,-0.0005689593669477945,0.014314800376228998
200,-0.0005689593669477945,0.014314800376228998
200,-0.0005689593669477945,0.014314800376228998
200,-0.0006179191829013906,0.014234769140087344
200,-0.0006179191829013906,0.014234769140087344
200,-0.0006179191829013906,0.014234769140087344
200,-0.0006179191829013906,0.014234769140087344
200,-0.0006179191829013906,0.014234769140087344
200,-0.0006179191829013906,0.014234769140087344
200,-0.0006179191829013906,0.014234769140087344
200,-0.0006179191829013906,0.014234769140087344
200,-0.0006639181310779563,0.014129789821216002
200,-0.0006639181310779563,0.014129789821216002
200,-0.0012662711760361013,0.012586880433540486
200,-0.0012662711760361013,0.012586880433540486
200,-0.0013345055439678913,0.01239106748113372
200,-0.0013345055439678913,0.01239106748113372
200,-0.0013520496021439652,0.012335080098137398
200,-0.0013520496021439652,0.012335080098137398
200,-0.0013520496021439652,0.012335080098137398
200,-0.0014075950527386958,0.01211909221147692
200,-0.0014075950527386958,0.01211909221147692
200,-0.0014075950527386958,0.01211909221147692
200,-0.0014193203393610223,0.012063822523773537
200,-0.0014533139269013952,0.011883477057177046
200,-0.0014533139269013952,0.011883477057177046
200,-0.0014897954746743117,0.011629933512459353
200,-0.0014897954746743117,0.011629933512459353
200,-0.001512964846171136,0.011413211159091519
200,-0.0015178157464493928,0.01136067097590838
200,-0.0015365173481400327,0.011129811173463728
200,-0.0015515430077359027,0.010886588836273374
200,-0.0015726196574479137,0.010375082254948556
200,-0.0015859043303765238,0.00980443352114541
200,-0.0015919610875403105,0.009039023410140784
200,-0.0015779750354639626,0.0074929633669135465
200,-0.001547357723881401,0.006307210220434021
200,-0.0015140727951429725,0.005506580063145848
200,-0.001512497587674065,0.005480745814194989
200,-0.0015102763989991623,0.0054549094339435165
200,-0.0015102763989991623,0.0054549094339435165
200,-0.0015074190233107547,0.0054290710065087585
200,-0.0015039379633644274,0.005403230616111046
200,-0.0014998483035372598,0.0053773883470726305
200,-0.0014998483035372598,0.0053773883470726305
200,-0.0014951675580054818,0.0053515442838165984
200,-0.0014899154963998213,0.005325698510865777
200,-0.0014841139496664891,0.00529985111284165
200,-0.001477786599185862,0.00527400217446325
200,-0.0014709587524673474,0.005248151780546075
200,-0.0014636571089359505,0.005222300016000977
200,-0.0014559095194437994,0.005196446965833062
200,-0.0008518446781501329,0.0032858331452253553
200,-0.0008518446781501329,0.0032858331452253553
200,-0.0008518446781501329,0.0032858331452253553
200,-0.0008518446781501329,0.0032858331452253553
200,-0.0008518446781501329,0.0032858331452253553
200,-0.0008518446781501329,0.0032858331452253553
200,-0.0008518446781501329,0.0032858331452253553
200,-0.0008518446781501329,0.0032858331452253553
200,-0.0008518446781501329,0.0032858331452253553
200,-0.0008518446781501329,0.0032858331452253553
200,-0.0008518446781501329,0.0032858331452253553
200,-0.0008518446781501329,0.0032858331452253553
200,-0.0008518446781501329,0.0032858331452253553
200,-0.0008518446781501329,0.0032858331452253553
200,-0.0008518446781501329,0.0032858331452253553
200,-0.0008518446781501329,0.0032858331452253553
200,-0.0008518446781501329,0.0032858331452253553
200,-0.0008518446781501329,0.0032858331452253553
200,-0.0008518446781501329,0.0032858331452253553
200,-0.0008518446781501329,0.0032858331452253553
200,-0.0008518446781501329,0.0032858331452253553
200,-0.0008518446781501329,0.0032858331452253553
200,-0.0008518446781501329,0.0032858331452253553
200,-0.0008518446781501329,0.0032858331452253553
200,-0.0008518446781501329,0.0032858331452253553
200,-0.0008518446781501329,0.0032858331452253553
200,-0.0008518446781501329,0.0032858331452253553
200,-0.0008518446781501329,0.0032858331452253553
200,-0.0008518446781501329,0.0032858331452253553
200,-0.0008518446781501329,0.0032858331452253553
200,-0.0008518446781501329,0.0032858331452253553
200,-0.0008518446781501329,0.0032858331452253553
200,-0.0008518446781501329,0.0032858331452253553
200,-0.0008518446781501329,0.0032858331452253553
200,-0.0008518446781501329,0.0032858331452253553
200,-0.0008518446781501329,0.0032858331452253553
200,-0.0008518446781501329,0.0032858331452253553
200,-0.0008518446781501329,0.0032858331452253553
200,-0.0008518446781501329,0.0032858331452253553
200,-0.0008518446781501329,0.0032858331452253553
200,-0.0008518446781501329,0.0032858331452253553
200,-0.0008518446781501329,0.0032858331452253553
200,-0.0008518446781501329,0.0032858331452253553
200,-0.0008518446781501329,0.0032858331452253553
200,-0.0008518446781501329,0.0032858331452253553
200,-0.0008518446781501329,0.0032858331452253553
200,-0.0008518446781501329,0.0032858331452253553
200,-0.0008518446781501329,0.0032858331452253553
200,-0.0008518446781501329,0.0032858331452253553
200,-0.0008518446781501329,0.0032858331452253553
200,-0.0008518446781501329,0.0032858331452253553
200,-0.0008518446781501329,0.0032858331452253553
200,-0.0008518446781501329,0.0032858331452253553
200,-0.0008518446781501329,0.0032858331452253553
200,-0.0008518446781501329,0.0032858331452253553
200,-0.0008518446781501329,0.0032858331452253553
200,-0.0008518446781501329,0.0032858331452253553
200,0.0009371163398240449,0.0027958430044397664
200,0.0009371163398240449,0.0027958430044397664
200,0.0009371163398240449,0.0027958430044397664
200,0.0009371163398240449,0.0027958430044397664
200,0.0009371163398240449,0.0027958430044397664
200,0.0009371163398240449,0.0027958430044397664
200,0.0009371163398240449,0.0027958430044397664
200,0.0009371163398240449,0.0027958430044397664
200,0.0009371163398240449,0.0027958430044397664
200,0.0009371163398240449,0.0027958430044397664
200,0.0009371163398240449,0.0027958430044397664
200,0.0009371163398240449,0.0027958430044397664
200,0.0009371163398240449,0.0027958430044397664
200,0.0009371163398240449,0.0027958430044397664
200,0.0009371163398240449,0.0027958430044397664
200,0.0009371163398240449,0.0027958430044397664
200,0.0009371163398240449,0.0027958430044397664
200,0.0009371163398240449,0.0027958430044397664
200,0.0009371163398240449,0.0027958430044397664
200,0.0009371163398240449,0.0027958430044397664
200,0.0009371163398240449,0.0027958430044397664
200,0.0009371163398240449,0.0027958430044397664
200,0.0009371163398240449,0.0027958430044397664
200,0.0009371163398240449,0.0027958430044397664
200,0.0009371163398240449,0.0027958430044397664
200,0.0009371163398240449,0.0027958430044397664
200,0.0009371163398240449,0.0027958430044397664
200,0.0009371163398240449,0.0027958430044397664
200,0.0009371163398240449,0.0027958430044397664
200,0.0009371163398240449,0.0027958430044397664
200,0.0009371163398240449,0.0027958430044397664
200,0.0009371163398240449,0.0027958430044397664
200,0.0009371163398240449,0.0027958430044397664
200,0.0009371163398240449,0.0027958430044397664
200,0.0009371163398240449,0.0027958430044397664
200,0.0009371163398240449,0.0027958430044397664
200,0.0009371163398240449,0.0027958430044397664
200,0.0009371163398240449,0.0027958430044397664
200,0.0009371163398240449,0.0027958430044397664
200,0.0009371163398240449,0.0027958430044397664
200,0.0009371163398240449,0.0027958430044397664
200,0.0009371163398240449,0.0027958430044397664
200,0.0009371163398240449,0.0027958430044397664
200,0.0009371163398240449,0.0027958430044397664
200,0.0009371163398240449,0.0027958430044397664
200,0.0009371163398240449,0.0027958430044397664
200,0.0009371163398240449,0.0027958430044397664
200,0.0009371163398240449,0.0027958430044397664
200,0.0009371163398240449,0.0027958430044397664
200,0.0009371163398240449,0.0027958430044397664
200,0.0009371163398240449,0.0027958430044397664
200,0.0009371163398240449,0.0027958430044397664
200,0.0009371163398240449,0.0027958430044397664
200,0.0009371163398240449,0.0027958430044397664
200,0.0009371163398240449,0.0027958430044397664
200,0.0009371163398240449,0.0027958430044397664
200,0.0009371163398240449,0.0027958430044397664
200,0.0009371163398240449,0.0027958430044397664
200,0.0009371163398240449,0.0027958430044397664
200,0.0009371163398240449,0.0027958430044397664
200,0.0009371163398240449,0.0027958430044397664
200,0.0009371163398240449,0.0027958430044397664
200,0.0009371163398240449,0.0027958430044397664
200,0.0009371163398240449,0.0027958430044397664
200,0.0009371163398240449,0.0027958430044397664
200,0.0009371163398240449,0.0027958430044397664
200,0.0009371163398240449,0.0027958430044397664
200,0.0009371163398240449,0.0027958430044397664
200,0.0009371163398240449,0.0027958430044397664
200,0.0009371163398240449,0.0027958430044397664
200,0.0009371163398240449,0.0027958430044397664
200,0.0009371163398240449,0.0027958430044397664
200,0.0009371163398240449,0.0027958430044397664
200,0.0009371163398240449,0.0027958430044397664
200,0.0009371163398240449,0.0027958430044397664
200,0.0009371163398240449,0.0027958430044397664
200,0.0009371163398240449,0.0027958430044397664
200,0.0009371163398240449,0.0027958430044397664
200,0.0009371163398240449,0.0027958430044397664
200,0.0009371163398240449,0.0027958430044397664
200,0.0009371163398240449,0.0027958430044397664
200,0.0009371163398240449,0.0027958430044397664
200,0.0009371163398240449,0.0027958430044397664
200,0.0016016494966418012,0.004421542195007044
200,0.001610172638117675,0.004443539985601015
200,0.0016182051933901949,0.004465536682286865
200,0.0016182051933901949,0.004465536682286865
200,0.0016257165236712372,0.004487532212735625
200,0.001632677256860374,0.004509526504698518
200,0.0016390595521068088,0.004531519486007911
200,0.0016390595521068088,0.004531519486007911
200,0.0016448373574681284,0.004553511084578245
200,0.0016499866566689085,0.0045755012284069635
200,0.0016499866566689085,0.0045755012284069635
200,0.0016544857010917524,0.0045974898455754575
200,0.0016544857010917524,0.0045974898455754575
200,0.0016583152233500757,0.004619476864249981
200,0.0016614586290850716,0.004641462212682589
200,0.0016614586290850716,0.004641462212682589
200,0.0016839430716878345,0.004842594191760631
200,0.0017180288698216077,0.00519973607709997
200,0.0017416597254968536,0.005504931160754884
200,0.0017625787482650037,0.0058463237458776076
200,0.0017757173086099315,0.006152440954522839
200,0.0017828736072722628,0.006415057571849849
400,0.0035719793486111533,0.007765487274701745
400,0.003571704799312705,0.00792974375084916
400,0.00356852011449446,0.008103134881011574
400,0.0035584037973732364,0.008360723901169976
400,0.003547331693154327,0.008555497707981995
400,0.0035312500074302293,0.008760817917514947
400,0.0035092304309634376,0.008977037222804386
400,0.0035092304309634376,0.008977037222804386
400,0.0034690877409787675,0.009286541526496732
400,0.0034313635184605625,0.009527376600775043
400,0.0034313635184605625,0.009527376600775043
400,0.0033841031855088486,0.009779629588031401
400,0.0033841031855088486,0.009779629588031401
400,0.003305708515347476,0.010131898787424466
400,0.003305708515347476,0.010131898787424466
400,0.0032341925579423823,0.010408563154378457
400,0.0032341925579423823,0.010408563154378457
400,0.0031484577729930874,0.010695339857708853
400,0.0031196933671085772,0.010789067511797002
400,0.003017567824211714,0.011087444737383984
400,0.003017567824211714,0.011087444737383984
400,0.0029813472831318986,0.011183754341828481
400,0.0028616310407591048,0.01149236249898407
400,0.0005489635622362443,0.0171474648050532
400,0.0005489635622362443,0.0171474648050532
400,0.00041031384565537384,0.017452519100652243
400,0.00041031384565537384,0.017452519100652243
400,0.0002695329116115424,0.017729457011694292
400,0.0002695329116115424,0.017729457011694292
400,0.0002695329116115424,0.017729457011694292
400,0.00012767987184782018,0.017975900115242024
400,0.00012767987184782018,0.017975900115242024
400,0.00012767987184782018,0.017975900115242024
400,0.00012767987184782018,0.017975900115242024
400,-1.4142185079306833e-05,0.018190285179394902
400,-1.4142185079306833e-05,0.018190285179394902
400,-1.4142185079306833e-05,0.018190285179394902
400,-1.4142185079306833e-05,0.018190285179394902
400,-0.00015483520474666543,0.018371815564918504
400,-0.00015483520474666543,0.018371815564918504
400,-0.00015483520474666543,0.018371815564918504
400,-0.00015483520474666543,0.018371815564918504
400,-0.00015483520474666543,0.018371815564918504
400,-0.00015483520474666543,0.018371815564918504
400,-0.0002933483211859243,0.018520334189924447
400,-0.0002933483211859243,0.018520334189924447
400,-0.0002933483211859243,0.018520334189924447
400,-0.0002933483211859243,0.018520334189924447
400,-0.0002933483211859243,0.018520334189924447
400,-0.0002933483211859243,0.018520334189924447
400,-0.000428717629426518,0.018636140163533942
400,-0.000428717629426518,0.018636140163533942
400,-0.000428717629426518,0.018636140163533942
400,-0.000428717629426518,0.018636140163533942
400,-0.000428717629426518,0.018636140163533942
400,-0.000428717629426518,0.018636140163533942
400,-0.000428717629426518,0.018636140163533942
400,-0.000428717629426518,0.018636140163533942
400,-0.0005600989129857251,0.018719778664098248
400,-0.0005600989129857251,0.018719778664098248
400,-0.0005600989129857251,0.018719778664098248
400,-0.0005600989129857251,0.018719778664098248
400,-0.0005600989129857251,0.018719778664098248
400,-0.0005600989129857251,0.018719778664098248
400,-0.0005600989129857251,0.018719778664098248
400,-0.0005600989129857251,0.018719778664098248
400,-0.0005600989129857251,0.018719778664098248
400,-0.0005600989129857251,0.018719778664098248
400,-0.0006867899266516904,0.018771835368649452
400,-0.0006867899266516904,0.018771835368649452
400,-0.0006867899266516904,0.018771835368649452
400,-0.0006867899266516904,0.018771835368649452
400,-0.0006867899266516904,0.018771835368649452
400,-0.0006867899266516904,0.018771835368649452
400,-0.0006867899266516904,0.018771835368649452
400,-0.0006867899266516904,0.018771835368649452
400,-0.0006867899266516904,0.018771835368649452
400,-0.0006867899266516904,0.018771835368649452
400,-0.0006867899266516904,0.018771835368649452
400,-0.0006867899266516904,0.018771835368649452
400,-0.0006867899266516904,0.018771835368649452
400,-0.0008082414995097994,0.01879276357617464
400,-0.0008082414995097994,0.01879276357617464
400,-0.0008082414995097994,0.01879276357617464
400,-0.0008082414995097994,0.01879276357617464
400,-0.0008082414995097994,0.01879276357617464
400,-0.0008082414995097994,0.01879276357617464
400,-0.0008082414995097994,0.01879276357617464
400,-0.0008082414995097994,0.01879276357617464
400,-0.0008082414995097994,0.01879276357617464
400,-0.0008082414995097994,0.01879276357617464
400,-0.0008082414995097994,0.01879276357617464
400,-0.0008082414995097994,0.01879276357617464
400,-0.0008082414995097994,0.01879276357617464
400,-0.0008082414995097994,0.01879276357617464
400,-0.0009240581676636519,0.018782765812859314
400,-0.0009240581676636519,0.018782765812859314
400,-0.0009240581676636519,0.018782765812859314
400,-0.0009240581676636519,0.018782765812859314
400,-0.0009240581676636519,0.018782765812859314
400,-0.0009240581676636519,0.018782765812859314
400,-0.0009240581676636519,0.018782765812859314
400,-0.0009240581676636519,0.018782765812859314
400,-0.0009240581676636519,0.018782765812859314
400,-0.0009240581676636519,0.018782765812859314
400,-0.0009240581676636519,0.018782765812859314
400,-0.0009240581676636519,0.018782765812859314
400,-0.0009240581676636519,0.018782765812859314
400,-0.0009240581676636519,0.018782765812859314
400,-0.0009240581676636519,0.018782765812859314
400,-0.0009240581676636519,0.018782765812859314
400,-0.0010339901100270262,0.01874174384418888
400,-0.0010339901100270262,0.01874174384418888
400,-0.0010339901100270262,0.01874174384418888
400,-0.0010339901100270262,0.01874174384418888
400,-0.0010339901100270262,0.01874174384418888
400,-0.0010339901100270262,0.01874174384418888
400,-0.0010339901100270262,0.01874174384418888
400,-0.0010339901100270262,0.01874174384418888
400,-0.0010339901100270262,0.01874174384418888
400,-0.0010339901100270262,0.01874174384418888
400,-0.0010339901100270262,0.01874174384418888
400,-0.0010339901100270262,0.01874174384418888
400,-0.0010339901100270262,0.01874174384418888
400,-0.0010339901100270262,0.01874174384418888
400,-0.001137918733895589,0.018669322727489352
400,-0.001137918733895589,0.018669322727489352
400,-0.001137918733895589,0.018669322727489352
400,-0.001137918733895589,0.018669322727489352
400,-0.001137918733895589,0.018669322727489352
400,-0.001137918733895589,0.018669322727489352
400,-0.001137918733895589,0.018669322727489352
400,-0.001137918733895589,0.018669322727489352
400,-0.001137918733895589,0.018669322727489352
400,-0.001137918733895589,0.018669322727489352
400,-0.001137918733895589,0.018669322727489352
400,-0.001137918733895589,0.018669322727489352
400,-0.0012358383658027812,0.018564946212516108
400,-0.0012358383658027812,0.018564946212516108
400,-0.0012358383658027812,0.018564946212516108
400,-0.0012358383658027812,0.018564946212516108
400,-0.0012358383658027812,0.018564946212516108
400,-0.0012358383658027812,0.018564946212516108
400,-0.0012358383658027812,0.018564946212516108
400,-0.0012358383658027812,0.018564946212516108
400,-0.0012358383658027812,0.018564946212516108
400,-0.0012358383658027812,0.018564946212516108
400,-0.0013278362621559126,0.018428032477625634
400,-0.0013278362621559126,0.018428032477625634
400,-0.0013278362621559126,0.018428032477625634
400,-0.0013278362621559126,0.018428032477625634
400,-0.0013278362621559126,0.018428032477625634
400,-0.0013278362621559126,0.018428032477625634
400,-0.0013278362621559126,0.018428032477625634
400,-0.00141407270982392,0.018258171089714944
400,-0.00141407270982392,0.018258171089714944
400,-0.00141407270982392,0.018258171089714944
400,-0.00141407270982392,0.018258171089714944
400,-0.00141407270982392,0.018258171089714944
400,-0.001494762472806018,0.01805533502010874
400,-0.002669517287164604,0.014837115773032697
400,-0.0027125541741476783,0.014712603844210775
400,-0.0027125541741476783,0.014712603844210775
400,-0.0028219062517542853,0.014369996339415925
400,-0.0028219062517542853,0.014369996339415925
400,-0.002855432792859684,0.014247317972465456
400,-0.002855432792859684,0.014247317972465456
400,-0.002913856076992161,0.014007521153808359
400,-0.002941348769119299,0.013886894503728469
400,-0.002941348769119299,0.013886894503728469
400,-0.0030103408791910535,0.013509722718635963
400,-0.0030103408791910535,0.013509722718635963
400,-0.0030103408791910535,0.013509722718635963
400,-0.0030637392552811866,0.013119194856584882
400,-0.003094204341042667,0.012832498057749508
400,-0.003094204341042667,0.012832498057749508
400,-0.003126844198484133,0.012423913298686933
400,-0.0031452393148958275,0.012121420907141911
400,-0.003159082189148146,0.011815020343793803
400,-0.0031784174647022396,0.0111031336209306
400,-0.003183922175080621,0.01051488437784143
400,-0.003173115020874915,0.009360073765348054
400,-0.0031491336328463592,0.008472838072659234
400,-0.003108074888734242,0.0075258749968588785
400,-0.003064107559131884,0.006798344811990507
400,-0.0030205527979983247,0.006232882170425422
400,-0.0030148380466215093,0.006174647546134582
400,-0.003007875926728855,0.006116408497719617
400,-0.0029996966070745196,0.006058165215225942
400,-0.0029996966070745196,0.006058165215225942
400,-0.0029903351160109636,0.005999917888926232
400,-0.0029798309927996426,0.005941666709317961
400,-0.0029682278993329782,0.005883411867120946
400,-0.002955573198371724,0.0058251535532748725
400,-0.002941917504934695,0.005766891958936828
400,-0.002911819038887599,0.005650359694485262
400,-0.0017036893563002658,0.001344220000461072
400,-0.0017036893563002658,0.001344220000461072
400,-0.0017036893563002658,0.001344220000461072
400,-0.0017036893563002658,0.001344220000461072
400,-0.0017036893563002658,0.001344220000461072
400,-0.0017036893563002658,0.001344220000461072
400,-0.0017036893563002658,0.001344220000461072
400,-0.0017036893563002658,0.001344220000461072
400,-0.0017036893563002658,0.001344220000461072
400,-0.0017036893563002658,0.001344220000461072
400,-0.0017036893563002658,0.001344220000461072
400,-0.0017036893563002658,0.001344220000461072
400,-0.0017036893563002658,0.001344220000461072
400,-0.0017036893563002658,0.001344220000461072
400,-0.0017036893563002658,0.001344220000461072
400,-0.0017036893563002658,0.001344220000461072
400,-0.0017036893563002658,0.001344220000461072
400,-0.0017036893563002658,0.001344220000461072
400,-0.0017036893563002658,0.001344220000461072
400,-0.0017036893563002658,0.001344220000461072
400,-0.0017036893563002658,0.001344220000461072
400,-0.0017036893563002658,0.001344220000461072
400,-0.0017036893563002658,0.001344220000461072
400,-0.0017036893563002658,0.001344220000461072
400,-0.0017036893563002658,0.001344220000461072
400,-0.0017036893563002658,0.001344220000461072
400,-0.0017036893563002658,0.001344220000461072
400,-0.0017036893563002658,0.001344220000461072
400,-0.0017036893563002658,0.001344220000461072
400,-0.0017036893563002658,0.001344220000461072
400,-0.0017036893563002658,0.001344220000461072
400,-0.0017036893563002658,0.001344220000461072
400,-0.0017036893563002658,0.001344220000461072
400,-0.0017036893563002658,0.001344220000461072
400,-0.0017036893563002658,0.001344220000461072
400,-0.0017036893563002658,0.001344220000461072
400,-0.0017036893563002658,0.001344220000461072
400,-0.0017036893563002658,0.001344220000461072
400,-0.0017036893563002658,0.001344220000461072
400,-0.0017036893563002658,0.001344220000461072
400,-0.0017036893563002658,0.001344220000461072
400,-0.0017036893563002658,0.001344220000461072
400,-0.0017036893563002658,0.001344220000461072
400,-0.0017036893563002658,0.001344220000461072
400,-0.0017036893563002658,0.001344220000461072
400,-0.0017036893563002658,0.001344220000461072
400,-0.0017036893563002658,0.001344220000461072
400,-0.0017036893563002658,0.001344220000461072
400,-0.0017036893563002658,0.001344220000461072
400,-0.0017036893563002658,0.001344220000461072
400,-0.0017036893563002658,0.001344220000461072
400,-0.0017036893563002658,0.001344220000461072
400,-0.0017036893563002658,0.001344220000461072
400,-0.0017036893563002658,0.001344220000461072
400,-0.0017036893563002658,0.001344220000461072
400,-0.0017036893563002658,0.001344220000461072
400,-0.0017036893563002658,0.001344220000461072
400,-0.0017036893563002658,0.001344220000461072
400,-0.0017036893563002658,0.001344220000461072
400,-0.0017036893563002658,0.001344220000461072
400,-0.0017036893563002658,0.001344220000461072
400,-0.0017036893563002658,0.001344220000461072
400,-0.0017036893563002658,0.001344220000461072
400,-0.0017036893563002658,0.001344220000461072
400,-0.0017036893563002658,0.001344220000461072
400,-0.0017036893563002658,0.001344220000461072
400,-0.0017036893563002658,0.001344220000461072
400,-0.0017036893563002658,0.001344220000461072
400,-0.0017036893563002658,0.001344220000461072
400,-0.0017036893563002658,0.001344220000461072
400,-0.0017036893563002658,0.001344220000461072
400,0.0018742326796480897,0.0011437671721639883
400,0.0018742326796480897,0.0011437671721639883
400,0.0018742326796480897,0.0011437671721639883
400,0.0018742326796480897,0.0011437671721639883
400,0.0018742326796480897,0.0011437671721639883
400,0.0018742326796480897,0.0011437671721639883
400,0.0018742326796480897,0.0011437671721639883
400,0.0018742326796480897,0.0011437671721639883
400,0.0018742326796480897,0.0011437671721639883
400,0.0018742326796480897,0.0011437671721639883
400,0.0018742326796480897,0.0011437671721639883
400,0.0018742326796480897,0.0011437671721639883
400,0.0018742326796480897,0.0011437671721639883
400,0.0018742326796480897,0.0011437671721639883
400,0.0018742326796480897,0.0011437671721639883
400,0.0018742326796480897,0.0011437671721639883
400,0.0018742326796480897,0.0011437671721639883
400,0.0018742326796480897,0.0011437671721639883
400,0.0018742326796480897,0.0011437671721639883
400,0.0018742326796480897,0.0011437671721639883
400,0.0018742326796480897,0.0011437671721639883
400,0.0018742326796480897,0.0011437671721639883
400,0.0018742326796480897,0.0011437671721639883
400,0.0018742326796480897,0.0011437671721639883
400,0.0018742326796480897,0.0011437671721639883
400,0.0018742326796480897,0.0011437671721639883
400,0.0018742326796480897,0.0011437671721639883
400,0.0018742326796480897,0.0011437671721639883
400,0.0018742326796480897,0.0011437671721639883
400,0.0018742326796480897,0.0011437671721639883
400,0.0018742326796480897,0.0011437671721639883
400,0.0018742326796480897,0.0011437671721639883
400,0.0018742326796480897,0.0011437671721639883
400,0.0018742326796480897,0.0011437671721639883
400,0.0018742326796480897,0.0011437671721639883
400,0.0018742326796480897,0.0011437671721639883
400,0.0018742326796480897,0.0011437671721639883
400,0.0018742326796480897,0.0011437671721639883
400,0.0018742326796480897,0.0011437671721639883
400,0.0018742326796480897,0.0011437671721639883
400,0.0018742326796480897,0.0011437671721639883
400,0.0018742326796480897,0.0011437671721639883
400,0.0018742326796480897,0.0011437671721639883
400,0.0018742326796480897,0.0011437671721639883
400,0.0018742326796480897,0.0011437671721639883
400,0.0018742326796480897,0.0011437671721639883
400,0.0018742326796480897,0.0011437671721639883
400,0.0018742326796480897,0.0011437671721639883
400,0.0018742326796480897,0.0011437671721639883
400,0.0018742326796480897,0.0011437671721639883
400,0.0018742326796480897,0.0011437671721639883
400,0.0018742326796480897,0.0011437671721639883
400,0.0018742326796480897,0.0011437671721639883
400,0.0018742326796480897,0.0011437671721639883
400,0.0018742326796480897,0.0011437671721639883
400,0.0018742326796480897,0.0011437671721639883
400,0.0018742326796480897,0.0011437671721639883
400,0.0018742326796480897,0.0011437671721639883
400,0.0018742326796480897,0.0011437671721639883
400,0.0018742326796480897,0.0011437671721639883
400,0.0018742326796480897,0.0011437671721639883
400,0.0018742326796480897,0.0011437671721639883
400,0.0018742326796480897,0.0011437671721639883
400,0.0018742326796480897,0.0011437671721639883
400,0.0018742326796480897,0.0011437671721639883
400,0.0018742326796480897,0.0011437671721639883
400,0.0018742326796480897,0.0011437671721639883
400,0.0018742326796480897,0.0011437671721639883
400,0.0018742326796480897,0.0011437671721639883
400,0.0018742326796480897,0.0011437671721639883
400,0.0018742326796480897,0.0011437671721639883
400,0.0018742326796480897,0.0011437671721639883
400,0.0018742326796480897,0.0011437671721639883
400,0.0018742326796480897,0.0011437671721639883
400,0.0032032989932836023,0.004807766531709138
400,0.00322034527623535,0.004857345132175558
400,0.0032364103867803897,0.00490692126719285
400,0.0032514330473424743,0.004956494773746044
400,0.003265354513720748,0.00500606548900092
400,0.0032781191042136177,0.005055633250306128
400,0.0032896747149362567,0.005105197895195294
400,0.0032896747149362567,0.005105197895195294
400,0.003299973313337817,0.005154759261389133
400,0.003336432376327373,0.005351157730156196
400,0.003402624241994345,0.005748133429038029
400,0.003441344450440668,0.006014820689100249
400,0.003462541975168239,0.0061742407504146585
400,0.0035005915285452483,0.006503877951549192
400,0.003520479304756057,0.006709601759659923
400,0.0035434525164161905,0.007001239761311606
400,0.0035583642819677825,0.007256875685679268
400,0.0035639841953531096,0.007395297318340716
400,0.003569850224545433,0.007609892054913436
600,0.005357969022916731,0.008940666253299936
600,0.005357557198969056,0.009129780249785568
600,0.00535278017174169,0.009329411280167262
600,0.005337605696059855,0.009659436855823184
600,0.005337605696059855,0.009659436855823184
600,0.00532099753973149,0.009884465849760627
600,0.005296875011145345,0.01012167947176893
600,0.005281714258557026,0.010246720174438846
600,0.005247923350906818,0.010499611940763888
600,0.005247923350906818,0.010499611940763888
600,0.0052036316114681515,0.010765564923425794
600,0.0052036316114681515,0.010765564923425794
600,0.005119051399105415,0.0111795224871119
600,0.005119051399105415,0.0111795224871119
600,0.005047026477070711,0.01147551875782132
600,0.005047026477070711,0.01147551875782132
600,0.0049585627730212144,0.011784677367766554
600,0.004917599103202569,0.011926723670904011
600,0.004917599103202569,0.011926723670904011
600,0.004809113174490739,0.012252398011269646
600,0.00475667586592268,0.012398307712669294
600,0.004625959296192488,0.01273990585258349
600,0.004625959296192488,0.01273990585258349
600,0.0045629819526450946,0.012889819394591603
600,0.0012241474597072073,0.020607243268122254
600,0.001026764083996331,0.021046728010106926
600,0.001026764083996331,0.021046728010106926
600,0.0008234453433543662,0.021459737707490517
600,0.0008234453433543662,0.021459737707490517
600,0.0006154707684830607,0.021841507563531832
600,0.0006154707684830607,0.021841507563531832
600,0.0006154707684830607,0.021841507563531832
600,0.00040429936741731353,0.022188090279973472
600,0.00040429936741731353,0.022188090279973472
600,0.00040429936741731353,0.022188090279973472
600,0.00019151980777173025,0.022496509304131242
600,0.00019151980777173025,0.022496509304131242
600,0.00019151980777173025,0.022496509304131242
600,0.00019151980777173025,0.022496509304131242
600,-2.1213277618960303e-05,0.022764808279952357
600,-2.1213277618960303e-05,0.022764808279952357
600,-2.1213277618960303e-05,0.022764808279952357
600,-2.1213277618960303e-05,0.022764808279952357
600,-0.00023225280711999818,0.022991990228045815
600,-0.00023225280711999818,0.022991990228045815
600,-0.00023225280711999818,0.022991990228045815
600,-0.00023225280711999818,0.022991990228045815
600,-0.00023225280711999818,0.022991990228045815
600,-0.00023225280711999818,0.022991990228045815
600,-0.00044002248177888646,0.023177858563309315
600,-0.00044002248177888646,0.023177858563309315
600,-0.00044002248177888646,0.023177858563309315
600,-0.00044002248177888646,0.023177858563309315
600,-0.00044002248177888646,0.023177858563309315
600,-0.00044002248177888646,0.023177858563309315
600,-0.000643076444139777,0.023322787615322183
600,-0.000643076444139777,0.023322787615322183
600,-0.000643076444139777,0.023322787615322183
600,-0.000643076444139777,0.023322787615322183
600,-0.000643076444139777,0.023322787615322183
600,-0.000643076444139777,0.023322787615322183
600,-0.000643076444139777,0.023322787615322183
600,-0.000643076444139777,0.023322787615322183
600,-0.0008401483694785876,0.023427459664792077
600,-0.0008401483694785876,0.023427459664792077
600,-0.0008401483694785876,0.023427459664792077
600,-0.0008401483694785876,0.023427459664792077
600,-0.0008401483694785876,0.023427459664792077
600,-0.0008401483694785876,0.023427459664792077
600,-0.0008401483694785876,0.023427459664792077
600,-0.0008401483694785876,0.023427459664792077
600,-0.0008401483694785876,0.023427459664792077
600,-0.0010301848899775359,0.02349260767578295
600,-0.0010301848899775359,0.02349260767578295
600,-0.0010301848899775359,0.02349260767578295
600,-0.0010301848899775359,0.02349260767578295
600,-0.0010301848899775359,0.02349260767578295
600,-0.0010301848899775359,0.02349260767578295
600,-0.0010301848899775359,0.02349260767578295
600,-0.0010301848899775359,0.02349260767578295
600,-0.0010301848899775359,0.02349260767578295
600,-0.0010301848899775359,0.02349260767578295
600,-0.0012123622492646994,0.02351879894366332
600,-0.0012123622492646994,0.02351879894366332
600,-0.0012123622492646994,0.02351879894366332
600,-0.0012123622492646994,0.02351879894366332
600,-0.0012123622492646994,0.02351879894366332
600,-0.0012123622492646994,0.02351879894366332
600,-0.0012123622492646994,0.02351879894366332
600,-0.0012123622492646994,0.02351879894366332
600,-0.0012123622492646994,0.02351879894366332
600,-0.0012123622492646994,0.02351879894366332
600,-0.0012123622492646994,0.02351879894366332
600,-0.0012123622492646994,0.02351879894366332
600,-0.0012123622492646994,0.02351879894366332
600,-0.0013860872514954781,0.02350628692623989
600,-0.0013860872514954781,0.02350628692623989
600,-0.0013860872514954781,0.02350628692623989
600,-0.0013860872514954781,0.02350628692623989
600,-0.0013860872514954781,0.02350628692623989
600,-0.0013860872514954781,0.02350628692623989
600,-0.0013860872514954781,0.02350628692623989
600,-0.0013860872514954781,0.02350628692623989
600,-0.0013860872514954781,0.02350628692623989
600,-0.0013860872514954781,0.02350628692623989
600,-0.0013860872514954781,0.02350628692623989
600,-0.0013860872514954781,0.02350628692623989
600,-0.0013860872514954781,0.02350628692623989
600,-0.0015509851650405391,0.023454948684819333
600,-0.0015509851650405391,0.023454948684819333
600,-0.0015509851650405391,0.023454948684819333
600,-0.0015509851650405391,0.023454948684819333
600,-0.0015509851650405391,0.023454948684819333
600,-0.0015509851650405391,0.023454948684819333
600,-0.0015509851650405391,0.023454948684819333
600,-0.0015509851650405391,0.023454948684819333
600,-0.0015509851650405391,0.023454948684819333
600,-0.0015509851650405391,0.023454948684819333
600,-0.0015509851650405391,0.023454948684819333
600,-0.0015509851650405391,0.023454948684819333
600,-0.0015509851650405391,0.023454948684819333
600,-0.0017068781008433838,0.02336431498552185
600,-0.0017068781008433838,0.02336431498552185
600,-0.0017068781008433838,0.02336431498552185
600,-0.0017068781008433838,0.02336431498552185
600,-0.0017068781008433838,0.02336431498552185
600,-0.0017068781008433838,0.02336431498552185
600,-0.0017068781008433838,0.02336431498552185
600,-0.0017068781008433838,0.02336431498552185
600,-0.0017068781008433838,0.02336431498552185
600,-0.0017068781008433838,0.02336431498552185
600,-0.0017068781008433838,0.02336431498552185
600,-0.0018537575487041717,0.023233689691368294
600,-0.0018537575487041717,0.023233689691368294
600,-0.0018537575487041717,0.023233689691368294
600,-0.0018537575487041717,0.023233689691368294
600,-0.0018537575487041717,0.023233689691368294
600,-0.0018537575487041717,0.023233689691368294
600,-0.0018537575487041717,0.023233689691368294
600,-0.0018537575487041717,0.023233689691368294
600,-0.0018537575487041717,0.023233689691368294
600,-0.0018537575487041717,0.023233689691368294
600,-0.0019917543932338687,0.023062344663242817
600,-0.0019917543932338687,0.023062344663242817
600,-0.0019917543932338687,0.023062344663242817
600,-0.0019917543932338687,0.023062344663242817
600,-0.0019917543932338687,0.023062344663242817
600,-0.0019917543932338687,0.023062344663242817
600,-0.0019917543932338687,0.023062344663242817
600,-0.0021211090647358798,0.022849766251644647
600,-0.0021211090647358798,0.022849766251644647
600,-0.0021211090647358798,0.022849766251644647
600,-0.0021211090647358798,0.022849766251644647
600,-0.0021211090647358798,0.022849766251644647
600,-0.0021211090647358798,0.022849766251644647
600,-0.002242143709209027,0.022595920630682373
600,-0.002242143709209027,0.022595920630682373
600,-0.002242143709209027,0.022595920630682373
600,-0.002242143709209027,0.022595920630682373
600,-0.002355237531456145,0.022301499592151098
600,-0.002355237531456145,0.022301499592151098
600,-0.004112593244261343,0.017267304231413063
600,-0.004112593244261343,0.017267304231413063
600,-0.004266561146424675,0.016783764018577618
600,-0.004322040257277262,0.016590827882862418
600,-0.004322040257277262,0.016590827882862418
600,-0.004370784115488241,0.016397870193027717
600,-0.004443941936775684,0.01609229793720648
600,-0.004443941936775684,0.01609229793720648
600,-0.004483687648043241,0.015902915447170957
600,-0.004542660875364625,0.015579752851738576
600,-0.0045731927770320145,0.015394199269929383
600,-0.0045731927770320145,0.015394199269929383
600,-0.004619876939263327,0.015057786273585526
600,-0.004641306511564,0.014876269123038454
600,-0.004677564457073201,0.01453110477146465
600,-0.004705769332357458,0.014177307338366323
600,-0.004738623283722218,0.013650306398130434
600,-0.004753612854825233,0.013295533465343514
600,-0.004767626197053359,0.012783410565095141
600,-0.004775883262620933,0.012106139458959875
600,-0.004765919837352567,0.011024614435431413
600,-0.004743449449601046,0.010204236834757395
600,-0.004696794839016579,0.009167257571762583
600,-0.00464325796184403,0.008326001191181797
600,-0.004587973800534753,0.007641850361975855
600,-0.004533276432595597,0.007079998809462892
600,-0.004511813890093283,0.006885348088024654
600,-0.00449954491061178,0.006792170432698831
600,-0.004485502674016446,0.006698986308088502
600,-0.004469746489199464,0.0066057960189517
600,-0.004452341848999467,0.006512599870402154
600,-0.004433359797557586,0.006419398167905347
600,-0.004412876257402043,0.006326191217274555
600,-0.004390971326807851,0.006232979324666879
600,-0.0025555340344503986,-0.0007492033299126899
600,-0.0025555340344503986,-0.0007492033299126899
600,-0.0025555340344503986,-0.0007492033299126899
600,-0.0025555340344503986,-0.0007492033299126899
600,-0.0025555340344503986,-0.0007492033299126899
600,-0.0025555340344503986,-0.0007492033299126899
600,-0.0025555340344503986,-0.0007492033299126899
600,-0.0025555340344503986,-0.0007492033299126899
600,-0.0025555340344503986,-0.0007492033299126899
600,-0.0025555340344503986,-0.0007492033299126899
600,-0.0025555340344503986,-0.0007492033299126899
600,-0.0025555340344503986,-0.0007492033299126899
600,-0.0025555340344503986,-0.0007492033299126899
600,-0.0025555340344503986,-0.0007492033299126899
600,-0.0025555340344503986,-0.0007492033299126899
600,-0.0025555340344503986,-0.0007492033299126899
600,-0.0025555340344503986,-0.0007492033299126899
600,-0.0025555340344503986,-0.0007492033299126899
600,-0.0025555340344503986,-0.0007492033299126899
600,-0.0025555340344503986,-0.0007492033299126899
600,-0.0025555340344503986,-0.0007492033299126899
600,-0.0025555340344503986,-0.0007492033299126899
600,-0.0025555340344503986,-0.0007492033299126899
600,-0.0025555340344503986,-0.0007492033299126899
600,-0.0025555340344503986,-0.0007492033299126899
600,-0.0025555340344503986,-0.0007492033299126899
600,-0.0025555340344503986,-0.0007492033299126899
600,-0.0025555340344503986,-0.0007492033299126899
600,-0.0025555340344503986,-0.0007492033299126899
600,-0.0025555340344503986,-0.0007492033299126899
600,-0.0025555340344503986,-0.0007492033299126899
600,-0.0025555340344503986,-0.0007492033299126899
600,-0.0025555340344503986,-0.0007492033299126899
600,-0.0025555340344503986,-0.0007492033299126899
600,-0.0025555340344503986,-0.0007492033299126899
600,-0.0025555340344503986,-0.0007492033299126899
600,-0.0025555340344503986,-0.0007492033299126899
600,-0.0025555340344503986,-0.0007492033299126899
600,-0.0025555340344503986,-0.0007492033299126899
600,-0.0017704383421849911,-0.0013215535532693128
600,-0.0017213696743092065,-0.0013568173831224324
600,-0.0016700481437113284,-0.001392003916742545
600,-0.0016700481437113284,-0.001392003916742545
600,-0.0016163578949694544,-0.0014267416423805843
600,-0.0015601860700896622,-0.0014606317258670583
600,-0.0015601860700896622,-0.0014606317258670583
600,-0.0015014256897349664,-0.001493264377607893
600,-0.0015014256897349664,-0.001493264377607893
600,-0.0015014256897349664,-0.001493264377607893
600,-0.0014399790912864607,-0.001524238372929047
600,-0.0014399790912864607,-0.001524238372929047
600,-0.0013757619141740922,-0.00155318171960599
600,-0.0013757619141740922,-0.00155318171960599
600,-0.0013757619141740922,-0.00155318171960599
600,-0.0013087075702587832,-0.0015797708663271152
600,-0.0013087075702587832,-0.0015797708663271152
600,-0.0013087075702587832,-0.0015797708663271152
600,-0.001238772064302454,-0.0016037457107798369
600,-0.001238772064302454,-0.0016037457107798369
600,-0.0011659389365233416,-0.001624918120095041
600,-0.0011659389365233416,-0.001624918120095041
600,-0.0011659389365233416,-0.001624918120095041
600,-0.0010902239901228001,-0.0016431726694869468
600,-0.0010902239901228001,-0.0016431726694869468
600,-0.0010116793526558654,-0.0016584596108155443
600,-0.0010116793526558654,-0.0016584596108155443
600,-0.0010116793526558654,-0.0016584596108155443
600,-0.0009303963217498664,-0.0016707813765687496
600,-0.0009303963217498664,-0.0016707813765687496
600,-0.0008465063940717751,-0.0016801749043157288
600,-0.0008465063940717751,-0.0016801749043157288
600,-0.0007601799114220007,-0.0016866925560054657
600,-0.0007601799114220007,-0.0016866925560054657
600,-0.0006716219207728751,-0.0016903843922488986
600,-0.0006716219207728751,-0.0016903843922488986
600,-0.0005810651649267995,-0.0016912841565985158
600,-0.0005810651649267995,-0.0016912841565985158
600,-0.0004887605936486898,-0.0016894006898231326
600,-0.00039496635447268033,-0.0016847157652618617
600,-0.00039496635447268033,-0.0016847157652618617
600,-0.00029993676598534476,-0.0016771885875632392
600,-0.00029993676598534476,-0.0016771885875632392
600,-0.00020391312018165714,-0.0016667664478065556
600,-0.000107118124497358,-0.0016534002818132366
600,-0.000107118124497358,-0.0016534002818132366
600,-9.755267382486595e-06,-0.001637063170790006
600,-9.755267382486595e-06,-0.001637063170790006
600,8.798659163921194e-05,-0.0016177692515671406
600,0.00018592357591176367,-0.0015955902189387697
600,0.00018592357591176367,-0.0015955902189387697
600,0.00028386341254764684,-0.0015706667584052308
600,0.0003815971142738591,-0.001543212919859469
600,0.0004788922088348586,-0.0015135125614619317
600,0.0004788922088348586,-0.0015135125614619317
600,0.0005754900884918882,-0.0014819083293340098
600,0.0007654514961538853,-0.0014145487812254596
600,0.002811349019472135,-0.0006374806011933734
600,0.002811349019472135,-0.0006374806011933734
600,0.002811349019472135,-0.0006374806011933734
600,0.002811349019472135,-0.0006374806011933734
600,0.002811349019472135,-0.0006374806011933734
600,0.002811349019472135,-0.0006374806011933734
600,0.002811349019472135,-0.0006374806011933734
600,0.002811349019472135,-0.0006374806011933734
600,0.002811349019472135,-0.0006374806011933734
600,0.002811349019472135,-0.0006374806011933734
600,0.002811349019472135,-0.0006374806011933734
600,0.002811349019472135,-0.0006374806011933734
600,0.002811349019472135,-0.0006374806011933734
600,0.002811349019472135,-0.0006374806011933734
600,0.002811349019472135,-0.0006374806011933734
600,0.002811349019472135,-0.0006374806011933734
600,0.002811349019472135,-0.0006374806011933734
600,0.002811349019472135,-0.0006374806011933734
600,0.002811349019472135,-0.0006374806011933734
600,0.002811349019472135,-0.0006374806011933734
600,0.002811349019472135,-0.0006374806011933734
600,0.002811349019472135,-0.0006374806011933734
600,0.002811349019472135,-0.0006374806011933734
600,0.002811349019472135,-0.0006374806011933734
600,0.002811349019472135,-0.0006374806011933734
600,0.002811349019472135,-0.0006374806011933734
600,0.002811349019472135,-0.0006374806011933734
600,0.002811349019472135,-0.0006374806011933734
600,0.002811349019472135,-0.0006374806011933734
600,0.002811349019472135,-0.0006374806011933734
600,0.002811349019472135,-0.0006374806011933734
600,0.002811349019472135,-0.0006374806011933734
600,0.002811349019472135,-0.0006374806011933734
600,0.002811349019472135,-0.0006374806011933734
600,0.002811349019472135,-0.0006374806011933734
600,0.002811349019472135,-0.0006374806011933734
600,0.002811349019472135,-0.0006374806011933734
600,0.002811349019472135,-0.0006374806011933734
600,0.002811349019472135,-0.0006374806011933734
600,0.002811349019472135,-0.0006374806011933734
600,0.002811349019472135,-0.0006374806011933734
600,0.002811349019472135,-0.0006374806011933734
600,0.002811349019472135,-0.0006374806011933734
600,0.002811349019472135,-0.0006374806011933734
600,0.002811349019472135,-0.0006374806011933734
600,0.002811349019472135,-0.0006374806011933734
600,0.002811349019472135,-0.0006374806011933734
600,0.002811349019472135,-0.0006374806011933734
600,0.002811349019472135,-0.0006374806011933734
600,0.002811349019472135,-0.0006374806011933734
600,0.002811349019472135,-0.0006374806011933734
600,0.004804948489925404,0.005224188844975076
600,0.004830517914353026,0.005303504734258933
600,0.004854615580170586,0.005382816679315075
600,0.004877149571013713,0.005462124419352006
600,0.004898031770581123,0.005541427693867395
600,0.004928971344898864,0.005671477569173582
600,0.0050159483123795425,0.006062797664333885
600,0.005074614326340375,0.006349855240827731
600,0.005134975086057506,0.00667203811852147
600,0.005180771054812904,0.006940310504737049
600,0.005240109827087138,0.0073392287776518185
600,0.005254755453597075,0.007452352713900165
600,0.0052945523068008435,0.007796746473529733
600,0.00530737550168881,0.007930465377044584
600,0.005327151925829794,0.00817498486875996
600,0.0053459762930296644,0.008484322049977091
600,0.0053519821169302345,0.008651911989421928
600,0.005357969022916731,0.008940666253299936
800,0.0071439586972223065,0.010065654057630023
800,0.00714340959862541,0.010278563924987797
800,0.00713704022898892,0.010503314165524816
800,0.0071305421934792085,0.010661907227745133
800,0.007116807594746473,0.010902682575767172
800,0.007094663386308654,0.011156674576322061
800,0.007094663386308654,0.011156674576322061
800,0.007042285678076036,0.01159433846343414
800,0.007042285678076036,0.01159433846343414
800,0.006997231134542425,0.011880489805861018
800,0.006997231134542425,0.011880489805861018
800,0.006997231134542425,0.011880489805861018
800,0.006902431782600502,0.012359925391022387
800,0.006902431782600502,0.012359925391022387
800,0.006825401865473888,0.012680464909542605
800,0.006825401865473888,0.012680464909542605
800,0.006774645938316644,0.012863580799423848
800,0.006676601241629509,0.013204165287624326
800,0.006676601241629509,0.013204165287624326
800,0.006556798804270091,0.013559894860461877
800,0.006488811931950824,0.013752902620106217
800,0.006488811931950824,0.013752902620106217
800,0.0063422344878969064,0.01412844309647716
800,0.006259938297989726,0.014326699670693551
800,0.006259938297989726,0.014326699670693551
800,0.0016321966129429432,0.02457135170564731
800,0.0016321966129429432,0.02457135170564731
800,0.0013690187786617749,0.0250953778465565
800,0.0013690187786617749,0.0250953778465565
800,0.0010979271244724886,0.02558783607593809
800,0.0010979271244724886,0.02558783607593809
800,0.0010979271244724886,0.02558783607593809
800,0.0008206276913107477,0.026043045017830703
800,0.0008206276913107477,0.026043045017830703
800,0.0008206276913107477,0.026043045017830703
800,0.0005390658232230848,0.02645629805269732
800,0.0005390658232230848,0.02645629805269732
800,0.0005390658232230848,0.02645629805269732
800,0.00025535974369564037,0.02682404604386196
800,0.00025535974369564037,0.02682404604386196
800,0.00025535974369564037,0.02682404604386196
800,0.00025535974369564037,0.02682404604386196
800,-2.8284370158613666e-05,0.027143956301211306
800,-2.8284370158613666e-05,0.027143956301211306
800,-2.8284370158613666e-05,0.027143956301211306
800,-2.8284370158613666e-05,0.027143956301211306
800,-2.8284370158613666e-05,0.027143956301211306
800,-0.00030967040949333085,0.027414840061603152
800,-0.00030967040949333085,0.027414840061603152
800,-0.00030967040949333085,0.027414840061603152
800,-0.00030967040949333085,0.027414840061603152
800,-0.00030967040949333085,0.027414840061603152
800,-0.0005866966423718486,0.027636462923879328
800,-0.0005866966423718486,0.027636462923879328
800,-0.0005866966423718486,0.027636462923879328
800,-0.0005866966423718486,0.027636462923879328
800,-0.0005866966423718486,0.027636462923879328
800,-0.0005866966423718486,0.027636462923879328
800,-0.000857435258853036,0.027809271225457587
800,-0.000857435258853036,0.027809271225457587
800,-0.000857435258853036,0.027809271225457587
800,-0.000857435258853036,0.027809271225457587
800,-0.000857435258853036,0.027809271225457587
800,-0.000857435258853036,0.027809271225457587
800,-0.000857435258853036,0.027809271225457587
800,-0.0011201978259714502,0.027934078493844338
800,-0.0011201978259714502,0.027934078493844338
800,-0.0011201978259714502,0.027934078493844338
800,-0.0011201978259714502,0.027934078493844338
800,-0.0011201978259714502,0.027934078493844338
800,-0.0011201978259714502,0.027934078493844338
800,-0.0011201978259714502,0.027934078493844338
800,-0.0011201978259714502,0.027934078493844338
800,-0.0013735798533033809,0.028011758689596492
800,-0.0013735798533033809,0.028011758689596492
800,-0.0013735798533033809,0.028011758689596492
800,-0.0013735798533033809,0.028011758689596492
800,-0.0013735798533033809,0.028011758689596492
800,-0.0013735798533033809,0.028011758689596492
800,-0.0013735798533033809,0.028011758689596492
800,-0.0013735798533033809,0.028011758689596492
800,-0.0013735798533033809,0.028011758689596492
800,-0.0013735798533033809,0.028011758689596492
800,-0.0016164829990195988,0.028042988235748405
800,-0.0016164829990195988,0.028042988235748405
800,-0.0016164829990195988,0.028042988235748405
800,-0.0016164829990195988,0.028042988235748405
800,-0.0016164829990195988,0.028042988235748405
800,-0.0016164829990195988,0.028042988235748405
800,-0.0016164829990195988,0.028042988235748405
800,-0.0016164829990195988,0.028042988235748405
800,-0.0016164829990195988,0.028042988235748405
800,-0.0016164829990195988,0.028042988235748405
800,-0.0016164829990195988,0.028042988235748405
800,-0.0018481163353273038,0.028028069346469616
800,-0.0018481163353273038,0.028028069346469616
800,-0.0018481163353273038,0.028028069346469616
800,-0.0018481163353273038,0.028028069346469616
800,-0.0018481163353273038,0.028028069346469616
800,-0.0018481163353273038,0.028028069346469616
800,-0.0018481163353273038,0.028028069346469616
800,-0.0018481163353273038,0.028028069346469616
800,-0.0018481163353273038,0.028028069346469616
800,-0.0018481163353273038,0.028028069346469616
800,-0.0018481163353273038,0.028028069346469616
800,-0.0018481163353273038,0.028028069346469616
800,-0.0020679802200540523,0.0279668554339884
800,-0.0020679802200540523,0.0279668554339884
800,-0.0020679802200540523,0.0279668554339884
800,-0.0020679802200540523,0.0279668554339884
800,-0.0020679802200540523,0.0279668554339884
800,-0.0020679802200540523,0.0279668554339884
800,-0.0020679802200540523,0.0279668554339884
800,-0.0020679802200540523,0.0279668554339884
800,-0.0020679802200540523,0.0279668554339884
800,-0.0020679802200540523,0.0279668554339884
800,-0.0020679802200540523,0.0279668554339884
800,-0.0020679802200540523,0.0279668554339884
800,-0.002275837467791178,0.02785878700033879
800,-0.002275837467791178,0.02785878700033879
800,-0.002275837467791178,0.02785878700033879
800,-0.002275837467791178,0.02785878700033879
800,-0.002275837467791178,0.02785878700033879
800,-0.002275837467791178,0.02785878700033879
800,-0.002275837467791178,0.02785878700033879
800,-0.002275837467791178,0.02785878700033879
800,-0.002275837467791178,0.02785878700033879
800,-0.002275837467791178,0.02785878700033879
800,-0.002275837467791178,0.02785878700033879
800,-0.0024716767316055625,0.02770303399628387
800,-0.0024716767316055625,0.02770303399628387
800,-0.0024716767316055625,0.02770303399628387
800,-0.0024716767316055625,0.02770303399628387
800,-0.0024716767316055625,0.02770303399628387
800,-0.0024716767316055625,0.02770303399628387
800,-0.0024716767316055625,0.02770303399628387
800,-0.0024716767316055625,0.02770303399628387
800,-0.0024716767316055625,0.02770303399628387
800,-0.0026556725243118253,0.027498728214365043
800,-0.0026556725243118253,0.027498728214365043
800,-0.0026556725243118253,0.027498728214365043
800,-0.0026556725243118253,0.027498728214365043
800,-0.0026556725243118253,0.027498728214365043
800,-0.0026556725243118253,0.027498728214365043
800,-0.0026556725243118253,0.027498728214365043
800,-0.0026556725243118253,0.027498728214365043
800,-0.00282814541964784,0.027245257196992882
800,-0.00282814541964784,0.027245257196992882
800,-0.00282814541964784,0.027245257196992882
800,-0.00282814541964784,0.027245257196992882
800,-0.00282814541964784,0.027245257196992882
800,-0.00282814541964784,0.027245257196992882
800,-0.002989524945612036,0.026942580611364807
800,-0.002989524945612036,0.026942580611364807
800,-0.002989524945612036,0.026942580611364807
800,-0.002989524945612036,0.026942580611364807
800,-0.002989524945612036,0.026942580611364807
800,-0.0031403167086081936,0.02659152332567319
800,-0.0031403167086081936,0.02659152332567319
800,-0.0031403167086081936,0.02659152332567319
800,-0.0031403167086081936,0.02659152332567319
800,-0.0055183461788507375,0.019734797939732374
800,-0.005606905121304516,0.019472676298095543
800,-0.005688748195232901,0.01921052368077683
800,-0.005688748195232901,0.01921052368077683
800,-0.005862535144761345,0.018595240971644063
800,-0.005862535144761345,0.018595240971644063
800,-0.005925255915700911,0.018337915219272236
800,-0.006005984996315718,0.017965271077588565
800,-0.0060568811671528324,0.017713147084721825
800,-0.0060568811671528324,0.017713147084721825
800,-0.00612088841380934,0.017326057585556335
800,-0.006159835919017769,0.01707941736131528
800,-0.006209497289080972,0.016683134800814476
800,-0.006236752609430934,0.016442192633333092
800,-0.006274359109809943,0.016041864809697482
800,-0.006302841403945278,0.015636364790145366
800,-0.006318164378296292,0.015407208509371932
800,-0.00633815047310031,0.015006773501577668
800,-0.006364614515808129,0.014006339405970056
800,-0.006367844350161242,0.01362943301035738
800,-0.006360734957066934,0.012714523649519655
800,-0.0063361341785295976,0.011750828301312546
800,-0.006291044511380736,0.010747588488835958
800,-0.006236662121949217,0.009887341705410701
800,-0.006191010615792041,0.009297963860851582
800,-0.006103270493542758,0.0083727590999937
800,-0.00602988317323087,0.007732275870626908
800,-0.005999393214149039,0.007494826736980789
800,-0.005980670232021927,0.0073681979433136095
800,-0.005959661985599285,0.007241560772612744
800,-0.0059364557986659565,0.0071149156395001415
800,-0.005911146396743448,0.0069882629590757575
800,-0.005854628435743802,0.006734936619049145
800,-0.005823638077775198,0.006608263791988332
800,-0.0034073787126005315,-0.002753217832265174
800,-0.0034073787126005315,-0.002753217832265174
800,-0.0034073787126005315,-0.002753217832265174
800,-0.0034073787126005315,-0.002753217832265174
800,-0.0034073787126005315,-0.002753217832265174
800,-0.0034073787126005315,-0.002753217832265174
800,-0.0034073787126005315,-0.002753217832265174
800,-0.0034073787126005315,-0.002753217832265174
800,-0.0034073787126005315,-0.002753217832265174
800,-0.0034073787126005315,-0.002753217832265174
800,-0.0034073787126005315,-0.002753217832265174
800,-0.0034073787126005315,-0.002753217832265174
800,-0.0022951595657456085,-0.004986114803808182
800,-0.002226730858281771,-0.005115420411445808
800,-0.002226730858281771,-0.005115420411445808
800,-0.002155143859959272,-0.00524307671229291
800,-0.002155143859959272,-0.00524307671229291
800,-0.002080248093452883,-0.005367618046356106
800,-0.002080248093452883,-0.005367618046356106
800,-0.0020019009196466215,-0.005487538493983368
800,-0.0020019009196466215,-0.005487538493983368
800,-0.0019199721217152805,-0.005601363610410224
800,-0.0019199721217152805,-0.005601363610410224
800,-0.0019199721217152805,-0.005601363610410224
800,-0.0018343492188987894,-0.005707726376050465
800,-0.0018343492188987894,-0.005707726376050465
800,-0.0018343492188987894,-0.005707726376050465
800,-0.0018343492188987894,-0.005707726376050465
800,-0.0017449434270117112,-0.005805437784922403
800,-0.0017449434270117112,-0.005805437784922403
800,-0.0017449434270117112,-0.005805437784922403
800,-0.0017449434270117112,-0.005805437784922403
800,-0.0016516960857366056,-0.005893541997273823
800,-0.0016516960857366056,-0.005893541997273823
800,-0.0016516960857366056,-0.005893541997273823
800,-0.0016516960857366056,-0.005893541997273823
800,-0.0016516960857366056,-0.005893541997273823
800,-0.001554585248697789,-0.005971347651027964
800,-0.001554585248697789,-0.005971347651027964
800,-0.001554585248697789,-0.005971347651027964
800,-0.001554585248697789,-0.005971347651027964
800,-0.001554585248697789,-0.005971347651027964
800,-0.0014536319868304003,-0.006038430576182098
800,-0.0014536319868304003,-0.006038430576182098
800,-0.0014536319868304003,-0.006038430576182098
800,-0.0014536319868304003,-0.006038430576182098
800,-0.0014536319868304003,-0.006038430576182098
800,-0.001348905803541154,-0.006094607955254334
800,-0.001348905803541154,-0.006094607955254334
800,-0.001348905803541154,-0.006094607955254334
800,-0.001348905803541154,-0.006094607955254334
800,-0.001348905803541154,-0.006094607955254334
800,-0.001348905803541154,-0.006094607955254334
800,-0.001240528428999822,-0.006139888727298782
800,-0.001240528428999822,-0.006139888727298782
800,-0.001240528428999822,-0.006139888727298782
800,-0.001240528428999822,-0.006139888727298782
800,-0.001240528428999822,-0.006139888727298782
800,-0.0011286751920957,-0.0061744086327347
800,-0.0011286751920957,-0.0061744086327347
800,-0.0011286751920957,-0.0061744086327347
800,-0.0011286751920957,-0.0061744086327347
800,-0.0011286751920957,-0.0061744086327347
800,-0.0011286751920957,-0.0061744086327347
800,-0.0010135732152293346,-0.006198360094427707
800,-0.0010135732152293346,-0.006198360094427707
800,-0.0010135732152293346,-0.006198360094427707
800,-0.0010135732152293346,-0.006198360094427707
800,-0.0010135732152293346,-0.006198360094427707
800,-0.0008954958943638334,-0.0062119270781468075
800,-0.0008954958943638334,-0.0062119270781468075
800,-0.0008954958943638334,-0.0062119270781468075
800,-0.0008954958943638334,-0.0062119270781468075
800,-0.0008954958943638334,-0.0062119270781468075
800,-0.0007747535532357326,-0.006215233586745071
800,-0.0007747535532357326,-0.006215233586745071
800,-0.0007747535532357326,-0.006215233586745071
800,-0.0007747535532357326,-0.006215233586745071
800,-0.0007747535532357326,-0.006215233586745071
800,-0.0006516807915315862,-0.006208312108815884
800,-0.0006516807915315862,-0.006208312108815884
800,-0.0006516807915315862,-0.006208312108815884
800,-0.0006516807915315862,-0.006208312108815884
800,-0.0005266218059635738,-0.006191095663920463
800,-0.0005266218059635738,-0.006191095663920463
800,-0.0005266218059635738,-0.006191095663920463
800,-0.0005266218059635738,-0.006191095663920463
800,-0.0005266218059635738,-0.006191095663920463
800,-0.00039991568798045964,-0.006163434334827208
800,-0.00039991568798045964,-0.006163434334827208
800,-0.00039991568798045964,-0.006163434334827208
800,-0.00039991568798045964,-0.006163434334827208
800,-0.00027188416024220954,-0.006125134423597764
800,-0.00027188416024220954,-0.006125134423597764
800,-0.00027188416024220954,-0.006125134423597764
800,-0.00027188416024220954,-0.006125134423597764
800,-0.00014282416599647728,-0.006076015626213199
800,-0.00014282416599647728,-0.006076015626213199
800,-0.00014282416599647728,-0.006076015626213199
800,-0.00014282416599647728,-0.006076015626213199
800,-1.3007023176648762e-05,-0.006015979019859494
800,-1.3007023176648762e-05,-0.006015979019859494
800,-1.3007023176648762e-05,-0.006015979019859494
800,-1.3007023176648762e-05,-0.006015979019859494
800,0.00011731545551894929,-0.005945076555417874
800,0.00011731545551894929,-0.005945076555417874
800,0.00011731545551894929,-0.005945076555417874
800,0.0002478981012156849,-0.005863571701265746
800,0.0002478981012156849,-0.005863571701265746
800,0.0002478981012156849,-0.005863571701265746
800,0.0002478981012156849,-0.005863571701265746
800,0.0003784845500635292,-0.005771981457011636
800,0.0003784845500635292,-0.005771981457011636
800,0.0005087961523651455,-0.005671092426183209
800,0.0005087961523651455,-0.005671092426183209
800,0.0005087961523651455,-0.005671092426183209
800,0.0006385229451131447,-0.005561947747963086
800,0.0006385229451131447,-0.005561947747963086
800,0.0007673201179891843,-0.005445806599097953
800,0.0008948118826591046,-0.005324082496597671
800,0.0008948118826591046,-0.005324082496597671
800,0.0010206019948718471,-0.005198269646682917
800,0.0037484653592961795,-0.002342652373332692
800,0.0037484653592961795,-0.002342652373332692
800,0.0037484653592961795,-0.002342652373332692
800,0.0037484653592961795,-0.002342652373332692
800,0.0037484653592961795,-0.002342652373332692
800,0.0037484653592961795,-0.002342652373332692
800,0.0037484653592961795,-0.002342652373332692
800,0.0037484653592961795,-0.002342652373332692
800,0.0037484653592961795,-0.002342652373332692
800,0.0037484653592961795,-0.002342652373332692
800,0.0037484653592961795,-0.002342652373332692
800,0.0037484653592961795,-0.002342652373332692
800,0.0037484653592961795,-0.002342652373332692
800,0.0037484653592961795,-0.002342652373332692
800,0.0037484653592961795,-0.002342652373332692
800,0.0037484653592961795,-0.002342652373332692
800,0.0037484653592961795,-0.002342652373332692
800,0.0037484653592961795,-0.002342652373332692
800,0.0037484653592961795,-0.002342652373332692
800,0.0037484653592961795,-0.002342652373332692
800,0.0037484653592961795,-0.002342652373332692
800,0.0037484653592961795,-0.002342652373332692
800,0.0037484653592961795,-0.002342652373332692
800,0.0037484653592961795,-0.002342652373332692
800,0.0037484653592961795,-0.002342652373332692
800,0.006406597986567205,0.005622826016339319
800,0.0064406905524707,0.00573060913305211
800,0.0064728207735607795,0.005838386889916328
800,0.006502866094684949,0.005946158932539923
800,0.006603338285192812,0.0063355372554351145
800,0.00672336174456976,0.006834699375264089
800,0.006803521225299296,0.00719675572070186
800,0.006866128753559187,0.007503623231264749
800,0.0069277619784285285,0.00783554323002592
800,0.00696662315192431,0.00806632504746733
800,0.007025023083277412,0.00845524452434303
800,0.0070594030757344575,0.008731157302464638
800,0.0070765006689184114,0.008880901915152126
800,0.007091889879909539,0.009038733342508742
800,0.007116728563935565,0.009348516464742291
800,0.007127968390706219,0.009526835202455508
800,0.00713597615590698,0.009715017796807258
800,0.0071439586972223065,0.010065654057630023
1000,0.008929948371527883,0.011005038270172778
1000,0.008929261998281762,0.011237818099973665
1000,0.008921300286236148,0.011483543314070957
1000,0.00891317774184901,0.011677112692032846
1000,0.008896009493433091,0.011940814186733562
1000,0.008896009493433091,0.011940814186733562
1000,0.008868329232885814,0.012218990797165536
1000,0.008844312663756454,0.012421523444804653
1000,0.008802857097595042,0.012719622969046983
1000,0.008802857097595042,0.012719622969046983
1000,0.008802857097595042,0.012719622969046983
1000,0.00874653891817803,0.01303354663094761
1000,0.008703875726519693,0.013246037315916741
1000,0.008628039728250627,0.013581556681060314
1000,0.008628039728250627,0.013581556681060314
1000,0.008628039728250627,0.013581556681060314
1000,0.008468307422895806,0.014157278211275968
1000,0.008468307422895806,0.014157278211275968
1000,0.008468307422895806,0.014157278211275968
1000,0.008345751552036887,0.01453211546919681
1000,0.008263553525439024,0.014761509371407914
1000,0.00811101491493853,0.01515919489781147
1000,0.00811101491493853,0.01515919489781147
1000,0.00811101491493853,0.01515919489781147
1000,0.007824922872487159,0.0158151163026028
1000,0.007824922872487159,0.0158151163026028
1000,0.0023575491070336437,0.027258247313385144
1000,0.002040245766178679,0.027881450596217994
1000,0.002040245766178679,0.027881450596217994
1000,0.0017112734733272183,0.028476070262808347
1000,0.0017112734733272183,0.028476070262808347
1000,0.0017112734733272183,0.028476070262808347
1000,0.0013724089055906104,0.029034869386181286
1000,0.0013724089055906104,0.029034869386181286
1000,0.0010257846141384346,0.029551401230923813
1000,0.0010257846141384346,0.029551401230923813
1000,0.0010257846141384346,0.029551401230923813
1000,0.0006738322790288561,0.03002032513113898
1000,0.0006738322790288561,0.03002032513113898
1000,0.0006738322790288561,0.03002032513113898
1000,0.0006738322790288561,0.03002032513113898
1000,0.00031919967961955046,0.030437613832645736
1000,0.00031919967961955046,0.030437613832645736
1000,0.00031919967961955046,0.030437613832645736
1000,0.00031919967961955046,0.030437613832645736
1000,-3.535546269826708e-05,0.030800620399901828
1000,-3.535546269826708e-05,0.030800620399901828
1000,-3.535546269826708e-05,0.030800620399901828
1000,-3.535546269826708e-05,0.030800620399901828
1000,-0.0003870880118666636,0.031107995927026257
1000,-0.0003870880118666636,0.031107995927026257
1000,-0.0003870880118666636,0.031107995927026257
1000,-0.0003870880118666636,0.031107995927026257
1000,-0.0003870880118666636,0.031107995927026257
1000,-0.0003870880118666636,0.031107995927026257
1000,-0.0007333708029648109,0.031359474435802205
1000,-0.0007333708029648109,0.031359474435802205
1000,-0.0007333708029648109,0.031359474435802205
1000,-0.0007333708029648109,0.031359474435802205
1000,-0.0007333708029648109,0.031359474435802205
1000,-0.0010717940735662952,0.03155556239143401
1000,-0.0010717940735662952,0.03155556239143401
1000,-0.0010717940735662952,0.03155556239143401
1000,-0.0010717940735662952,0.03155556239143401
1000,-0.0010717940735662952,0.03155556239143401
1000,-0.0010717940735662952,0.03155556239143401
1000,-0.0010717940735662952,0.03155556239143401
1000,-0.0014002472824643127,0.03169718291476788
1000,-0.0014002472824643127,0.03169718291476788
1000,-0.0014002472824643127,0.03169718291476788
1000,-0.0014002472824643127,0.03169718291476788
1000,-0.0014002472824643127,0.03169718291476788
1000,-0.0014002472824643127,0.03169718291476788
1000,-0.0014002472824643127,0.03169718291476788
1000,-0.0014002472824643127,0.03169718291476788
1000,-0.001716974816629226,0.031785327700863245
1000,-0.001716974816629226,0.031785327700863245
1000,-0.001716974816629226,0.031785327700863245
1000,-0.001716974816629226,0.031785327700863245
1000,-0.001716974816629226,0.031785327700863245
1000,-0.001716974816629226,0.031785327700863245
1000,-0.001716974816629226,0.031785327700863245
1000,-0.001716974816629226,0.031785327700863245
1000,-0.001716974816629226,0.031785327700863245
1000,-0.0020206037487744987,0.0318207642962369
1000,-0.0020206037487744987,0.0318207642962369
1000,-0.0020206037487744987,0.0318207642962369
1000,-0.0020206037487744987,0.0318207642962369
1000,-0.0020206037487744987,0.0318207642962369
1000,-0.0020206037487744987,0.0318207642962369
1000,-0.0020206037487744987,0.0318207642962369
1000,-0.0020206037487744987,0.0318207642962369
1000,-0.0020206037487744987,0.0318207642962369
1000,-0.0020206037487744987,0.0318207642962369
1000,-0.00231014541915913,0.031803835627461974
1000,-0.00231014541915913,0.031803835627461974
1000,-0.00231014541915913,0.031803835627461974
1000,-0.00231014541915913,0.031803835627461974
1000,-0.00231014541915913,0.031803835627461974
1000,-0.00231014541915913,0.031803835627461974
1000,-0.00231014541915913,0.031803835627461974
1000,-0.00231014541915913,0.031803835627461974
1000,-0.00231014541915913,0.031803835627461974
1000,-0.00231014541915913,0.031803835627461974
1000,-0.00231014541915913,0.031803835627461974
1000,-0.0025849752750675644,0.03173437535937856
1000,-0.0025849752750675644,0.03173437535937856
1000,-0.0025849752750675644,0.03173437535937856
1000,-0.0025849752750675644,0.03173437535937856
1000,-0.0025849752750675644,0.03173437535937856
1000,-0.0025849752750675644,0.03173437535937856
1000,-0.0025849752750675644,0.03173437535937856
1000,-0.0025849752750675644,0.03173437535937856
1000,-0.0025849752750675644,0.03173437535937856
1000,-0.0025849752750675644,0.03173437535937856
1000,-0.0025849752750675644,0.03173437535937856
1000,-0.002844796834738973,0.03161174862195248
1000,-0.002844796834738973,0.03161174862195248
1000,-0.002844796834738973,0.03161174862195248
1000,-0.002844796834738973,0.03161174862195248
1000,-0.002844796834738973,0.03161174862195248
1000,-0.002844796834738973,0.03161174862195248
1000,-0.002844796834738973,0.03161174862195248
1000,-0.002844796834738973,0.03161174862195248
1000,-0.002844796834738973,0.03161174862195248
1000,-0.002844796834738973,0.03161174862195248
1000,-0.003089595914506953,0.03143501354690279
1000,-0.003089595914506953,0.03143501354690279
1000,-0.003089595914506953,0.03143501354690279
1000,-0.003089595914506953,0.03143501354690279
1000,-0.003089595914506953,0.03143501354690279
1000,-0.003089595914506953,0.03143501354690279
1000,-0.003089595914506953,0.03143501354690279
1000,-0.003089595914506953,0.03143501354690279
1000,-0.003089595914506953,0.03143501354690279
1000,-0.003089595914506953,0.03143501354690279
1000,-0.0033195906553897822,0.031203184967289802
1000,-0.0033195906553897822,0.031203184967289802
1000,-0.0033195906553897822,0.031203184967289802
1000,-0.0033195906553897822,0.031203184967289802
1000,-0.0033195906553897822,0.031203184967289802
1000,-0.0033195906553897822,0.031203184967289802
1000,-0.0033195906553897822,0.031203184967289802
1000,-0.0033195906553897822,0.031203184967289802
1000,-0.0035351817745597996,0.030915567919066498
1000,-0.0035351817745597996,0.030915567919066498
1000,-0.0035351817745597996,0.030915567919066498
1000,-0.0035351817745597996,0.030915567919066498
1000,-0.0035351817745597996,0.030915567919066498
1000,-0.0035351817745597996,0.030915567919066498
1000,-0.003736906182015045,0.03057211663604727
1000,-0.003736906182015045,0.03057211663604727
1000,-0.003736906182015045,0.03057211663604727
1000,-0.003736906182015045,0.03057211663604727
1000,-0.003736906182015045,0.03057211663604727
1000,-0.003925395885760241,0.030173767107510602
1000,-0.003925395885760241,0.030173767107510602
1000,-0.003925395885760241,0.030173767107510602
1000,-0.003925395885760241,0.030173767107510602
1000,-0.004101343098211461,0.029722690999813044
1000,-0.004101343098211461,0.029722690999813044
1000,-0.007008631401630644,0.021556877927617832
1000,-0.007139747803171629,0.021155168209266356
1000,-0.007238798230717445,0.020841162685389256
1000,-0.007238798230717445,0.020841162685389256
1000,-0.007328168930951681,0.02052712106773987
1000,-0.007406569894626139,0.020213044366509447
1000,-0.0075074812453946455,0.019802295790201502
1000,-0.0075074812453946455,0.019802295790201502
1000,-0.007571101458941041,0.01949456805113632
1000,-0.007651110517261676,0.019068548747662534
1000,-0.007699794898772211,0.018767514174533494
1000,-0.007761871611351217,0.018332063806761313
1000,-0.007761871611351217,0.018332063806761313
1000,-0.007842948887262429,0.017598802445114907
1000,-0.007842948887262429,0.017598802445114907
1000,-0.0078785517549316,0.017153946761549122
1000,-0.007922688091375389,0.016435688435341513
1000,-0.007939559400050053,0.01600029426020363
1000,-0.00795576814476016,0.015313490837774942
1000,-0.007959805437701554,0.014901409388895207
1000,-0.007950918696333667,0.013876315769957773
1000,-0.007932787552187287,0.013159711408608157
1000,-0.00788038291710278,0.011991862974964438
1000,-0.007846274185577323,0.011438697178735479
1000,-0.007777135410160857,0.01052511857701175
1000,-0.007703703189586706,0.009741881770500794
1000,-0.007629088116928449,0.0090671461166467
1000,-0.0075160879490001505,0.00819907680060463
1000,-0.007475837790027409,0.007927001196611754
1000,-0.007449577481999105,0.0077724353031468395
1000,-0.007420569748332446,0.007617859691229774
1000,-0.0073889329959293095,0.007463274867507183
1000,-0.007354793762336738,0.007308681339202538
1000,-0.007318285544679751,0.007154079614109582
1000,-0.004259223390750664,-0.004426604492965619
1000,-0.004259223390750664,-0.004426604492965619
1000,-0.004259223390750664,-0.004426604492965619
1000,-0.004259223390750664,-0.004426604492965619
1000,-0.004259223390750664,-0.004426604492965619
1000,-0.004259223390750664,-0.004426604492965619
1000,-0.004259223390750664,-0.004426604492965619
1000,-0.0028689494571820105,-0.008016640722837613
1000,-0.002783413572852214,-0.00822453737998785
1000,-0.0026939298249490907,-0.0084297822931447
1000,-0.0026939298249490907,-0.0084297822931447
1000,-0.002600310116816104,-0.00863001898435867
1000,-0.002502376149558277,-0.00882282624648095
1000,-0.002502376149558277,-0.00882282624648095
1000,-0.002502376149558277,-0.00882282624648095
1000,-0.0023999651521441007,-0.009005833477468158
1000,-0.0023999651521441007,-0.009005833477468158
1000,-0.0023999651521441007,-0.009005833477468158
1000,-0.0022929365236234868,-0.00917684279273181
1000,-0.0022929365236234868,-0.00917684279273181
1000,-0.0022929365236234868,-0.00917684279273181
1000,-0.0021811792837646386,-0.009333942516719384
1000,-0.0021811792837646386,-0.009333942516719384
1000,-0.0021811792837646386,-0.009333942516719384
1000,-0.0021811792837646386,-0.009333942516719384
1000,-0.0020646201071707567,-0.009475595856921353
1000,-0.0020646201071707567,-0.009475595856921353
1000,-0.0020646201071707567,-0.009475595856921353
1000,-0.0020646201071707567,-0.009475595856921353
1000,-0.0020646201071707567,-0.009475595856921353
1000,-0.0019432315608722361,-0.0096006912461964
1000,-0.0019432315608722361,-0.0096006912461964
1000,-0.0019432315608722361,-0.0096006912461964
1000,-0.0019432315608722361,-0.0096006912461964
1000,-0.0019432315608722361,-0.0096006912461964
1000,-0.0018170399835380003,-0.009708546706962558
1000,-0.0018170399835380003,-0.009708546706962558
1000,-0.0018170399835380003,-0.009708546706962558
1000,-0.0018170399835380003,-0.009708546706962558
1000,-0.0018170399835380003,-0.009708546706962558
1000,-0.0018170399835380003,-0.009708546706962558
1000,-0.0016861322544264425,-0.009798868306543218
1000,-0.0016861322544264425,-0.009798868306543218
1000,-0.0016861322544264425,-0.009798868306543218
1000,-0.0016861322544264425,-0.009798868306543218
1000,-0.0016861322544264425,-0.009798868306543218
1000,-0.0016861322544264425,-0.009798868306543218
1000,-0.0015506605362497776,-0.009871670417087449
1000,-0.0015506605362497776,-0.009871670417087449
1000,-0.0015506605362497776,-0.009871670417087449
1000,-0.0015506605362497776,-0.009871670417087449
1000,-0.0015506605362497776,-0.009871670417087449
1000,-0.0015506605362497776,-0.009871670417087449
1000,-0.0015506605362497776,-0.009871670417087449
1000,-0.0014108439901196253,-0.009927171281097782
1000,-0.0014108439901196253,-0.009927171281097782
1000,-0.0014108439901196253,-0.009927171281097782
1000,-0.0014108439901196253,-0.009927171281097782
1000,-0.0014108439901196253,-0.009927171281097782
1000,-0.0014108439901196253,-0.009927171281097782
1000,-0.0014108439901196253,-0.009927171281097782
1000,-0.001266966519036668,-0.00996568027472003
1000,-0.001266966519036668,-0.00996568027472003
1000,-0.001266966519036668,-0.00996568027472003
1000,-0.001266966519036668,-0.00996568027472003
1000,-0.001266966519036668,-0.00996568027472003
1000,-0.001266966519036668,-0.00996568027472003
1000,-0.0011193698679547916,-0.009987493176838842
1000,-0.0011193698679547916,-0.009987493176838842
1000,-0.0011193698679547916,-0.009987493176838842
1000,-0.0011193698679547916,-0.009987493176838842
1000,-0.0011193698679547916,-0.009987493176838842
1000,-0.0011193698679547916,-0.009987493176838842
1000,-0.0009684419415446659,-0.009992809358379425
1000,-0.0009684419415446659,-0.009992809358379425
1000,-0.0009684419415446659,-0.009992809358379425
1000,-0.0009684419415446659,-0.009992809358379425
1000,-0.0009684419415446659,-0.009992809358379425
1000,-0.0009684419415446659,-0.009992809358379425
1000,-0.0009684419415446659,-0.009992809358379425
1000,-0.0008146009894144828,-0.009981681054276409
1000,-0.0008146009894144828,-0.009981681054276409
1000,-0.0008146009894144828,-0.009981681054276409
1000,-0.0008146009894144828,-0.009981681054276409
1000,-0.0008146009894144828,-0.009981681054276409
1000,-0.0008146009894144828,-0.009981681054276409
1000,-0.0006582772574544671,-0.00995400057384589
1000,-0.0006582772574544671,-0.00995400057384589
1000,-0.0006582772574544671,-0.00995400057384589
1000,-0.0006582772574544671,-0.00995400057384589
1000,-0.0006582772574544671,-0.00995400057384589
1000,-0.0004998946099755746,-0.009909526881204994
1000,-0.0004998946099755746,-0.009909526881204994
1000,-0.0004998946099755746,-0.009909526881204994
1000,-0.0004998946099755746,-0.009909526881204994
1000,-0.0004998946099755746,-0.009909526881204994
1000,-0.0004998946099755746,-0.009909526881204994
1000,-0.0003398552003027619,-0.009847948550154827
1000,-0.0003398552003027619,-0.009847948550154827
1000,-0.0003398552003027619,-0.009847948550154827
1000,-0.0003398552003027619,-0.009847948550154827
1000,-0.0003398552003027619,-0.009847948550154827
1000,-0.00017853020749559665,-0.009768975689147062
1000,-0.00017853020749559665,-0.009768975689147062
1000,-0.00017853020749559665,-0.009768975689147062
1000,-0.00017853020749559665,-0.009768975689147062
1000,-1.6258778970810953e-05,-0.009672449250768928
1000,-1.6258778970810953e-05,-0.009672449250768928
1000,-1.6258778970810953e-05,-0.009672449250768928
1000,-1.6258778970810953e-05,-0.009672449250768928
1000,0.00014664431939868662,-0.009558452761286152
1000,0.00014664431939868662,-0.009558452761286152
1000,0.00014664431939868662,-0.009558452761286152
1000,0.00014664431939868662,-0.009558452761286152
1000,0.00030987262651960615,-0.009427409823324545
1000,0.00030987262651960615,-0.009427409823324545
1000,0.00030987262651960615,-0.009427409823324545
1000,0.00030987262651960615,-0.009427409823324545
1000,0.0004731056875794115,-0.009280151665261005
1000,0.0004731056875794115,-0.009280151665261005
1000,0.0006359951904564318,-0.009117942982779592
1000,0.0006359951904564318,-0.009117942982779592
1000,0.0006359951904564318,-0.009117942982779592
1000,0.000798153681391431,-0.008942460927807216
1000,0.000798153681391431,-0.008942460927807216
1000,0.0009591501474864805,-0.008755729995964601
1000,0.0011185148533238809,-0.00856002283007477
1000,0.0011185148533238809,-0.00856002283007477
1000,0.0012757524935898088,-0.008357741804513034
1000,0.004685581699120225,-0.0037665002019543394
1000,0.004685581699120225,-0.0037665002019543394
1000,0.004685581699120225,-0.0037665002019543394
1000,0.004685581699120225,-0.0037665002019543394
1000,0.004685581699120225,-0.0037665002019543394
1000,0.004685581699120225,-0.0037665002019543394
1000,0.004685581699120225,-0.0037665002019543394
1000,0.004685581699120225,-0.0037665002019543394
1000,0.004685581699120225,-0.0037665002019543394
1000,0.004685581699120225,-0.0037665002019543394
1000,0.004685581699120225,-0.0037665002019543394
1000,0.004685581699120225,-0.0037665002019543394
1000,0.004685581699120225,-0.0037665002019543394
1000,0.004685581699120225,-0.0037665002019543394
1000,0.004685581699120225,-0.0037665002019543394
1000,0.004685581699120225,-0.0037665002019543394
1000,0.004685581699120225,-0.0037665002019543394
1000,0.004685581699120225,-0.0037665002019543394
1000,0.008008247483209007,0.005955694927336327
1000,0.008050863190588375,0.0060872486697560605
1000,0.008145640963828938,0.0064076753024476674
1000,0.008293120659268068,0.00693779743441758
1000,0.008448253121829319,0.007540111128934787
1000,0.008527548301108174,0.00787439074489092
1000,0.008606756309776097,0.008234760753032875
1000,0.008684317066649213,0.008624828797564318
1000,0.008708278939905386,0.00875314350020211
1000,0.008781278854096764,0.009193290380011942
1000,0.008803259269508566,0.009345441208506538
1000,0.008845625836148013,0.009674532810958753
1000,0.008864862349886923,0.009846468650037984
1000,0.008881422799333849,0.010027778553465847
1000,0.008909960488382773,0.010397351658755735
1000,0.008909960488382773,0.010397351658755735
1000,0.008919970194883723,0.010602729474992951
1000,0.008929948371527883,0.011005038270172778
