0-4.3 0-4.3 X _THROW_,0-4.3 0-4.3 Y _THROW_,0-3 0-3 X,0-3 0-3 Y,0-2 0-2 X,0-2 0-2 Y,0-1 0-1 X,0-1 0-1 Y,0-0 0-0 X,0-0 0-0 Y
0.06048157177882768,22.01424593412321,0.12896343263378945,-16.48812811506889,0.06618839351674116,-9.0803079298324,0.11612308372348412,-12.829945307544676,0.18246488642672834,8.36465133354858
0.32584878259180455,-45.60116629161553,0.21884587500592678,42.728706081728916,0.08188215329600323,-16.67103725544507,0.13752366524065968,23.934791908073407,0.2573669217368428,-5.6050342626843985
0.4050309342053541,-50.760728293061106,0.29160785216432367,49.72498070111891,0.10328273481317879,-25.999403414631757,0.22655008435211,-18.372092260943845,0.2723473287988657,9.256333392882595
0.4942000238602522,-56.453775287270616,0.3532415269337893,61.63236573961014,0.17176459566814056,-29.38322251159164,0.2231259913093619,27.775883855973802,0.3943306434467663,-6.519579964565452
0.5683887064531274,70.48516813381869,0.381490294536461,-39.16886152171884,0.1846049445784459,40.12225083136792,0.28304761955745344,-18.042855808266637,0.4302836203956213,10.381224606196298
0.6083364586185219,-59.19741239291375,0.44569203908798766,66.59834890082423,0.2809075614057359,-37.65986111361511,0.3943306434467663,-18.95740151014769,0.4713727369085984,-7.754216662104881
0.7324598314181401,-63.31286805137847,0.5056136673360793,-45.96698457236795,0.29160785216432367,49.51920791819569,0.43713180648111744,30.336611821240723,0.5227341325498197,11.58842493267926
0.7367399477215751,76.33826062585737,0.5501268768918044,72.27767770950553,0.3532415269337893,53.291708938455,0.4799329695154685,-20.786492913909797,0.6511376216528729,-7.617034806822716
0.8480229716108881,-66.87959628871454,0.5847958189496287,-47.742727476853645,0.5056136673360793,-40.35777093416419,0.5377145396118426,32.508657863208214,0.6725382031700485,13.646152761911623
0.92506506507272,82.6486259688366,0.6211768075288272,74.41771465190718,0.5432786908063082,55.541491365082365,0.6083364586185219,-20.603583773533586,1.2246732063131778,13.783334617193788
0.9293451813761552,-68.80014226266474,0.7096325444664862,-53.252865330686944,0.6468575053494379,-42.18686233792627,0.6511376216528729,32.98879435669576,1.2246732063131778,-9.263217070208611
1.0384881471137506,-70.99505194717926,0.7110592499009646,78.35026116999568,0.6768183194734837,57.40716459691971,0.7024990172940943,-21.883947756167032,1.31883576498875,13.783334617193788
1.0727290775412315,86.21535420617268,0.7966615759696668,-54.53322931332042,0.7367399477215751,57.1328008863554,0.9165048324658499,34.08624919895303,1.31883576498875,-9.263217070208611
1.104829949816995,-71.8181430788722,0.9279184759416768,-57.36832098915167,0.9507457628933308,59.32771057086991,0.9122247161624147,-22.432675177295664,1.4129983236643229,13.783334617193788
1.2218197954442211,89.32480959256823,0.8993843672521095,80.7280799948864,1.1133901824238648,60.42516541312716,1.0620287867826437,34.63497662008166,1.4129983236643229,-9.263217070208611
1.2389402606579614,-73.83014362301051,1.0263611509206845,82.19135311789607,1.3017152997750099,60.97389283425579,1.079149251996384,-22.981402598424296,1.508016905600582,14.112571069870967
1.3502232845472744,-75.29341674602017,1.0277878563551628,-59.19741239291375,1.460079603002109,62.07134767651304,1.4900404171261545,36.281158883467526,1.4814801845192846,-9.263217070208611
1.3473698736783177,91.88553755783518,1.1305106476376054,-60.29486723517101,1.7297269301185207,63.168802518770306,1.545681929070811,36.281158883467526,1.6013234410154675,14.33206203832242
1.4244119671401498,93.53171982122106,1.186152159582262,83.47171710052955,2.0935368159105057,64.81498478215619,1.7468473953322614,-24.07885744068156,1.6954859996910399,14.33206203832242
1.5242813475536354,-77.85414471128712,1.2503539041337883,-61.66668578799258,2.07213623439333,-49.32031881259846,1.8067690235803529,36.82988630459616,1.7853684420631772,14.33206203832242
1.59918338286375,97.18990262874524,1.3316761138990558,84.5691719427868,2.2818619332616503,65.91243962441344,2.123497630034551,37.92734114685342,2.388864840847528,-10.360671912465847
1.6241507279671215,-79.13450869392057,1.3701971606299717,-63.03850434081414,2.5258285625574515,66.46116704554207,2.2005397234963833,37.92734114685342,2.4830273995231007,-10.360671912465847
1.6783655344772996,98.83608489213113,1.5033563345146193,85.97147535233773,2.6199911212330242,67.0098944666707,2.6799127494811157,-26.27376712519606,2.577189958198673,-10.360671912465847
1.7832283839114598,-81.42087294862318,1.4729199519124143,-64.1359591830714,2.739834377729207,-50.966501075984326,2.774075308156688,-26.27376712519606,2.654232051660505,15.429516880579655
1.7925019692355693,101.21390371702185,1.5927632084085972,-65.50777773589297,2.812596354887604,-50.966501075984326,2.85111740161852,-26.27376712519606,2.6713525168742454,-10.360671912465847
1.8923713496490553,-82.79269150144478,1.6698053018704293,87.31280904842994,3.048002751576535,68.65607673005658,2.885358332046001,40.07236652035624,2.7483946103360775,15.429516880579655
1.9672733849591695,104.87208652454603,1.7126064649047805,-66.87959628871454,3.2491682178379855,69.75353157231385,2.962400425507833,40.12225083136792,2.7655150755498177,-10.360671912465847
2.046455536572719,-84.98760118595925,1.8153292561872232,88.41026389068719,3.467454149313176,-53.16141076049885,3.664339499271191,41.76843309475382,2.84255716901165,15.429516880579655
2.099956990365658,106.79263249849623,1.8153292561872232,-67.9770511309718,4.01530903615287,72.49716867795698,3.7371014764295882,41.76843309475382,2.8596776342253905,-10.360671912465847
2.157738560462032,-86.08505602821651,1.935172512683406,-69.34886968379337,4.066670431794091,72.49716867795698,3.938266942691038,-27.919949388581955,2.936719727687222,15.429516880579655
2.2090999561032536,108.1644510513178,1.9855827713683087,89.81256730023813,4.254995549145236,73.59462352021424,4.037185186148205,-27.919949388581955,2.953840192900963,-10.360671912465847
2.2561812354410398,-87.18251087047378,2.2005397234963833,-70.72068823661493,4.314917177393328,73.59462352021424,4.126592060042183,-27.919949388581955,2.9923612396318786,15.429516880579655
2.2747284060892587,109.07899675319885,2.2090999561032536,91.15390099633034,4.39195927085516,-54.80759302388472,4.177953455683404,-27.919949388581955,3.005201588542184,-10.360671912465847
2.3717443756337877,110.35936073583231,2.2561812354410398,-70.72068823661493,4.486121829530733,-54.80759302388472,4.605965086026916,43.96334277926832,3.4075325210650846,-99.80324155643223
2.3931449571509633,-88.82869313385964,2.414545538668139,92.25135583858759,4.546043457778824,-54.80759302388472,4.700127644702488,43.96334277926832,3.8697850818360764,16.52697172283692
2.500147864736841,-89.92614797611691,2.542949027771192,-71.8181430788722,4.8370913664124116,-55.905047866141985,4.764329389254015,43.96334277926832,3.959667524208214,16.52697172283692
2.5634935860276804,112.77376138879828,2.6345435166647033,93.45855616507056,4.931253925087984,-55.905047866141985,5.222301833721572,44.51207020039695,4.0581101991872215,16.52697172283692
2.616322450115794,-91.33716134473337,2.5943104234124132,-71.8181430788722,4.956934622908594,75.78953320472876,5.581831603210121,-30.114859073096454,4.152272757862794,16.52697172283692
2.6906130402397035,114.47481639429702,2.7013133309982913,93.89753810197348,4.995455669639511,-55.905047866141985,5.6759941618856935,-30.114859073096454,4.233594967628061,16.52697172283692
2.739834377729207,-92.66978508176004,2.8767980994391307,-72.91559792112946,5.085338112011648,75.78953320472876,5.718795324920045,45.60952504265421,4.323477410000198,-11.45812675472311
2.788342362501472,115.66372580674239,2.8981986809563063,94.99499294423073,5.265102996755923,76.33826062585737,5.770156720561266,-30.114859073096454,4.417639968675771,-11.45812675472311
2.84255716901165,-93.7672399240173,2.970960658114703,-73.40335562879935,5.239422298935312,-56.453775287270616,5.812957883595617,45.60952504265421,4.511802527351343,-11.45812675472311
2.8703779249839783,116.80690793409369,3.030882286362795,-73.46432534225809,5.320744508700579,76.33826062585737,5.838638581416228,-30.114859073096454,4.605965086026916,-11.45812675472311
2.9587317543906027,-95.17825329263377,3.1036442635211916,96.09244778648798,5.513349742355159,77.43571546811464,5.877159628147144,45.60952504265421,4.700127644702488,-11.45812675472311
2.9937879450663574,118.40736291238554,3.321930194996382,-74.56178018451533,5.57327137060325,77.43571546811464,6.189608118297906,-30.663586494225086,4.76004927295058,-11.45812675472311
3.110777790693583,119.8706360353952,3.3287783810818787,97.35452085508383,5.684554394492563,-57.00250270839925,6.805944865992562,-31.212313915353718,5.325024625004014,17.624426565094183
3.082243682004016,-96.51087702966043,3.3775717069410387,-74.56178018451533,6.104005792229204,79.08189773150052,7.165474635481112,-31.76104133648235,5.419187183679586,17.624426565094183
3.187106531438176,121.05954544784056,3.3946921721547794,97.73863004987388,6.249529746545998,79.63062515262915,7.259637194156684,-31.76104133648235,5.513349742355159,17.624426565094183
3.1806863569830237,-97.6083318719177,3.587297405809359,98.83608489213113,6.591939050820807,80.17935257375777,7.3537997528322565,-31.76104133648235,5.607512301030732,17.624426565094183
3.2848358536999447,122.24845486028593,3.6557792666643207,-75.65923502677259,6.6261799812482876,-58.648684971785116,7.413721381080348,-31.76104133648235,5.701674859706304,17.624426565094183
3.285549206417184,-98.84296856945713,3.7525098951219547,-76.0982169636755,6.664701027979204,80.17935257375777,7.6876488245001955,49.45061699055461,5.798405488163937,18.06340850199709
3.401825699327171,123.71172798329559,3.7927429883742443,99.93353973438839,6.72034253992386,-58.648684971785116,7.781811383175768,49.45061699055461,5.889999977057449,18.173153986222815
3.424652986278825,-100.35196897756083,3.81414356989142,-76.20796244790122,6.780264168171952,-58.648684971785116,8.723436969931493,-33.95595102099685,5.980738442690273,18.173153986222815
3.456040505837349,124.44336454480043,4.011884943110123,101.0858673187585,6.891547192061265,81.27680741601503,8.817599528607065,-33.95595102099685,6.078325094408593,18.173153986222815
3.518815544954397,-101.4494238198181,4.0735186178795875,-77.19567180593276,6.9643091692196615,81.27680741601503,8.911762087282638,-33.95595102099685,6.159647304173861,18.173153986222815
3.544496242775008,125.7237285274339,4.109471594828443,101.57972199777427,7.079872309412409,-59.74613981404238,8.971683715530729,-33.95595102099685,6.258089979152868,-13.104309018109007
3.6429389177540155,-102.82124237263969,4.152272757862794,-77.30541729015846,7.174034868087982,-59.74613981404238,9.177129298095615,52.74298151732637,6.3522525378284405,-13.104309018109007
3.6429389177540155,126.82118336969116,4.20791426980745,-77.30541729015846,7.233956496336074,-59.74613981404238,9.613701161045995,53.291708938455,6.446415096504013,-13.104309018109007
3.7585020579467634,128.46736563307704,4.417639968675771,102.67717684003152,8.072859291809355,84.02044452165816,9.703583603418133,53.291708938455,6.514896957358975,-13.104309018109007
3.7670622905536337,-104.19306092546122,4.469001364316992,102.67717684003152,8.145621268967751,84.02044452165816,0.05582560296846009,16.401590457256447,6.908667657275005,19.27060882848005
3.87549190357399,129.93063875608672,4.554603690385695,-78.40287213241572,8.372467433049813,85.11789936391543,0,0.8946322067594394,7.001118169429203,19.27060882848005
3.861224849229206,-105.29051576771849,4.623085551240656,-78.40287213241572,8.372467433049813,-61.94104949855688,,,7.09699277462615,19.27060882848005
3.9425470589944736,130.66227531759154,4.7343685751299684,103.77463168228878,8.44522941020821,85.11789936391543,,,7.169754751784547,19.27060882848005
3.9939084546356947,-106.73092524818117,4.7857299707711904,103.77463168228878,8.868960924248286,-62.48977691968551,,,7.259637194156684,-14.201763860366242
4.135152292649053,132.30845758097743,4.991175553336076,-79.50032697467299,8.963123482923859,-62.48977691968551,,,7.3537997528322565,-14.201763860366242
4.1693932230765345,-108.03415287336162,5.051097181584167,104.87208652454603,9.01448487856508,-62.48977691968551,,,7.447962311507829,-14.201763860366242
4.3405978752139385,133.4059124232347,5.086194135272335,-79.8295634273502,9.314093019805538,-63.587231761942775,,,7.516444172362791,-14.201763860366242
4.3363177589105035,-109.13160771561888,5.145259740259739,105.37092963466297,9.356894182839888,87.31280904842994,,,7.918775104885691,20.368063670737314
4.528922992565083,-110.50342626844048,5.1752205543837855,-80.04905439580159,9.40825557848111,-63.587231761942775,,,8.012081640300577,20.368063670737314
4.546043457778824,134.50336726549196,5.200901252204396,105.42081394567467,9.472457323032636,-63.587231761942775,,,8.107100222236836,20.368063670737314
4.580284388206305,-110.77778997900481,5.479108811927678,106.51826878793192,9.562339765404774,87.86153646955857,,,8.175582083091799,20.368063670737314
4.7300884588265335,-111.87524482126202,5.5647111379963805,-81.14650923805885,9.630821626259735,87.86153646955857,,,8.2611844091605,-15.299218702623506
4.819970901198671,136.14954952887783,5.633192998851342,-81.14650923805885,9.716423952328437,-64.1359591830714,,,8.355346967836073,-15.299218702623506
4.901293110963938,-112.97269966351928,5.7872771857750065,107.61572363018918,9.861947906645232,88.95899131181582,,,8.449509526511646,-15.299218702623506
5.025416483763556,137.2470043711351,5.838638581416228,107.61572363018918,9.930429767500193,88.95899131181582,,,8.543672085187218,-15.548640257681967
5.093898344618518,-114.34451821634087,5.999570954425387,-82.24396408031612,0.01860853432282003,0.2982107355864798,,,8.63783464386279,-15.847946123752138
5.145259740259739,-114.6188819269052,6.0697648618017235,-82.24396408031612,0.01860853432282003,-6.858846918489064,,,8.731997202538363,-15.847946123752138
5.2351421826318765,138.34445921339235,6.099725675925769,108.71317847244643,0.09304267161410018,28.330019880715696,,,8.826159761213935,-15.847946123752138
5.290783694576533,-115.71633676916247,6.193888234601341,109.26190589357506,0.037217068645640075,15.208747514910527,,,8.920322319889507,21.465518512994578
5.4577082304105025,-116.81379161141967,6.454975329110884,-83.34141892257338,,,,,9.011631467696123,21.465518512994578
5.513349742355159,139.99064147677822,6.476375910628059,110.35936073583231,,,,,9.108647437240652,21.465518512994578
5.650313464065083,-118.18561016424127,6.5482818645257685,-83.56090989102483,,,,,9.202809995916224,21.71494006805304
5.714515208616609,141.0880963190355,6.643300446462028,-83.89014634370199,,,,,9.296972554591797,22.01424593412321
5.701674859706304,-118.4599738748056,6.698941958406685,-83.89014634370199,,,,,9.391135113267369,22.01424593412321
5.851478930326532,-119.55742871706286,6.754583470351341,111.45681557808958,,,,,9.485297671942941,22.01424593412321
5.92424090748493,142.18555116129275,7.045631378984929,112.60415473135852,,,,,9.605140928439125,-16.9454009660094
6.028390404201851,-120.65488355932007,7.079872309412409,-84.98760118595925,,,,,9.699303487114697,-16.9454009660094
6.245249630242563,143.83173342467862,7.135513821357066,113.10299784147546,,,,,9.79346604579027,-16.9454009660094
6.288906816537601,-121.80721114369021,7.148354170267371,-84.98760118595925,,,,,9.857667790341797,-16.9454009660094
6.373653119345616,-122.301065822706,7.418001497383783,114.2004526837327,,,,,0.12095547309833024,-4.473161033797226
6.497776492145235,144.92918826693588,7.533564637576531,-86.08505602821651,,,,,-0.009304267161410022,0.2982107355864798
6.6304600975517225,-123.39852066496326,7.606326614734928,-86.08505602821651,,,,,0.11165120593692021,6.858846918489036
6.754583470351341,146.02664310919315,7.7004891734105,115.29790752598997,,,,,0.05582560296846009,5.069582504970157
6.891547192061265,-124.49597550722046,7.987256965740652,116.44524667925893,,,,,0.05582560296846009,-2.6838966202783467
7.092712658322715,147.672825372579,7.993249128565463,-87.18251087047378,,,,,,
7.162050542438364,-125.6483030915906,8.07713940811279,116.94408978937585,,,,,,
7.246796845246379,-126.14215777060639,8.089123733762408,-87.40200183892523,,,,,,
7.345239520225387,148.77028021483628,8.184142315698669,-87.73123829160238,,,,,,
7.499323707149051,-127.23961261286365,8.24406394394676,-87.73123829160238,,,,,,
7.5917742193032485,149.86773505709354,8.359627084139508,118.04154463163312,,,,,,
7.760410801658592,-128.33706745512086,8.612153946042179,-88.82869313385964,,,,,,
7.935895570099432,151.5139173204794,8.642114760166224,119.13899947389037,,,,,,
8.026848041547428,-129.5031132250192,8.689196039504012,-88.82869313385964,,,,,,
8.111380338540272,-129.98324971850678,8.920322319889507,120.23645431614761,,,,,,
8.188422432002103,152.61137216273667,9.018764994868516,120.78518173727625,,,,,,
8.372467433049813,-131.08070456076405,9.08296673942004,-89.92614797611691,,,,,,
8.440949293904774,153.70882700499394,9.15572871657844,-89.92614797611691,,,,,,
8.633554527559355,-132.17815940302125,9.296972554591797,121.88263657953351,,,,,,
8.783358598179584,155.35500926837983,9.545219300191034,-91.02360281837417,,,,,,
8.980243948137598,-133.82434166640718,9.57518011431508,122.98009142179076,,,,,,
9.03282823415123,156.45246411063707,9.639381858866606,-91.2979665289385,,,,,,
9.245611158950576,-134.92179650866444,9.733544417542179,-91.57233023950283,,,,,,
9.293548461549047,157.60479169500718,9.7849058131834,-91.57233023950283,,,,,,
9.37401464805363,158.09864637402296,9.857667790341797,124.07754626404801,,,,,,
9.506698253460117,-136.01925135092165,9.951830349017369,124.62627368517664,,,,,,
9.6265415099563,159.19610121628023,0.28843228200371057,-34.89065606361831,,,,,,
9.85338767403836,-137.66543361430757,0.18608534322820033,-27.137176938369805,,,,,,
9.879068371858972,160.29355605853746,0.07443413729128014,-7.455268389662024,,,,,,
0.23260667903525045,-40.854870775347905,0,0.2982107355864798,,,,,,
0.13025974025974024,-27.733598409542765,0.08373840445269015,11.63021868787277,,,,,,
0.05582560296846009,-18.190854870775354,0.15817254174397027,25.34791252485087,,,,,,
0.027912801484230046,-12.823061630218717,0.18608534322820033,36.67992047713716,,,,,,
0.009304267161410008,-7.455268389662024,,,,,,,,
0.009304267161410008,8.648111332007915,,,,,,,,
0.037217068645640075,15.208747514910527,,,,,,,,
0.10234693877551018,30.715705765407563,,,,,,,,
0.1674768089053803,40.854870775347905,,,,,,,,
0.2698237476808905,52.18687872763418,,,,,,,,
0.37217068645640067,61.13320079522862,,,,,,,,
0.4559090909090908,65.90457256461231,,,,,,,,
