0-4.3 0-4.3 X,0-4.3 0-4.3 Y,2-4.3 2-4.3 X,2-4.3 2-4.3 Y,4-4.3 4-4.3 X,4-4.3 4-4.3 Y,6-4.3 6-4.3 X,6-4.3 6-4.3 Y,10-4.3 10-4.3 X,10-4.3 10-4.3 Y,15-4.3 15-4.3 X,15-4.3 15-4.3 Y,25-4.3 25-4.3 X,25-4.3 25-4.3 Y
0.07656300183293896,-16.477704260832382,0.05689271385752279,5.910374521215658,0.23099308879521233,6.302322679164689,0.4956256587005004,6.020120005441385,0.41181312732698816,-3.9667190590996313,0.47167922116521127,3.166737415572527,0.6854866991588651,3.715464836701159
0.1392085928850795,-28.556566618426302,0.21938639713269972,-7.807811007000026,0.3262901361295266,-5.612901322485527,0.486645744624767,-4.172491842022879,0.7282481947575958,-3.9667190590996313,1.000971511131723,4.812919678958394,0.7795619894760727,3.715464836701159
0.14241570505498433,37.73656494667608,0.31346168744990743,-9.316811415103757,0.4609888472655286,-5.064173901356895,0.5614783619225459,-4.515446480228263,0.792390438155692,-3.9667190590996313,1.0617878604276958,4.812919678958394,0.852256531993915,3.715464836701159
0.21724832235276317,45.281566987194736,0.4075369777671151,-9.453993270385922,0.5400976141231805,-5.338537611921225,0.6598298017996266,7.556556784601554,1.0951418269947057,6.129865489667111,1.352566030499065,-3.9667190590996313,0.907846476272265,-2.869264216842396
0.20655794845308048,-37.896364598886464,0.48878381940470356,-10.368538972266975,0.7453527929970881,11.946376153630581,0.7008808375744081,-5.228792127695499,1.1515870011850304,6.45910194234429,1.3782229278583034,5.910374521215658,1.130206253385665,-2.869264216842396
0.3120363042632831,-47.49909446863745,0.5871352592817842,18.531105207174107,0.7154197460779765,-8.356538428128658,0.7624573912365804,-5.612901322485527,1.185796197664015,-5.612901322485527,1.4466413208162727,-3.9667190590996313,1.8143901829653573,4.812919678958394
0.4139512021069247,61.743389621053566,0.5999637079614035,-13.84381263941495,0.847980382434042,13.592558417016448,0.8223234850748035,8.65401162685879,1.3226329835799535,7.556556784601554,1.4748639079114352,6.349356458118564,1.8828085759233264,-3.9667190590996313
0.4631269220454651,-57.19327890857656,0.6854866991588651,21.27474231281724,1.0446832621882034,16.88492294378821,0.9335033736315035,-6.710356164742791,1.463745919055765,-6.710356164742791,1.4979551155347497,-3.9667190590996313,1.908465473282565,4.812919678958394
0.6726582504792458,73.67821103060122,0.7667335407964535,-17.54772273203318,1.083168608227061,-12.197630376029053,1.0226916358802849,9.986635363885483,1.5065074146544957,8.65401162685879,1.5449927606933533,6.45910194234429,1.9768838662405344,-3.9667190590996313
0.7624573912365804,-65.14982651494168,0.8707865134200318,-20.611450833334686,1.241386141942365,21.27474231281724,1.116902676977171,-8.051689860834983,1.719459662736175,9.970957437567506,1.8742562768035804,7.556556784601554,2.001590508142023,4.812919678958394
0.7368004938773419,76.42184813624436,0.8864657284728996,28.774017068241847,1.3910513765379227,-16.58744974505808,1.1473108516251573,11.397648732501949,1.7331433413277688,-7.807811007000026,1.9341223706418034,7.556556784601554,2.0666830069978688,-3.9667190590996313
0.8821895789130265,80.81166750527339,0.9734141028569856,32.24929073538982,1.416708273897161,25.390197971281964,1.2542145906219841,12.495103574759185,1.7759048369264996,10.300193890244685,2.1137206521564726,-5.612901322485527,2.0666830069978688,4.812919678958394
1.0104740657092188,84.37839574260947,1.0361309630684574,-25.367088483116135,1.5065074146544957,-18.233632008443976,1.2841476375410958,-9.453993270385922,1.9426746697615496,11.397648732501949,2.1735867459946956,8.65401162685879,2.4472603178265726,5.910374521215658
1.0874447577869342,-72.28328298961384,1.098135131686617,36.91347381498315,1.5407166111334805,28.225289647113215,1.3696706287385574,13.866922127580779,2.079511455677488,-9.453993270385922,2.1735867459946956,-5.612901322485527,2.5404803782318055,6.129865489667111
1.181520048104142,88.21948769050987,1.1729677489843957,-29.48254414158086,1.7074864439685304,31.97492702482549,1.4295367225767803,-10.551448112643186,2.0923399043571074,12.495103574759185,2.421603420467334,9.851235091139444,2.635410898460988,6.45910194234429
1.241386141942365,-74.20382896356404,1.237109992382492,41.57765689457648,1.8657039776838342,-23.172178798601635,1.4894028164150035,15.238740680402344,2.2458061607836632,13.836437270851405,2.490021813425303,-6.710356164742791,2.695276992299211,6.45910194234429
1.3867752269780496,92.33494334897458,1.2755953384213496,-32.363363102506156,2.1051683530367264,-27.01327074650203,1.5967816831407051,-11.953751522194125,2.2762143354316495,-10.551448112643186,2.5028502621049227,10.300193890244685,2.8321137782151493,-5.612901322485527
1.5407166111334805,-78.52505740495198,1.3482898809391919,45.41874884247687,2.2077959424736804,43.223839157962374,1.5963065554118303,16.33619552265958,2.4002226726679687,15.238740680402344,2.5498879072635265,-6.710356164742791,2.926189068532357,-5.612901322485527
1.8257932484583521,-82.52619485068158,1.3867752269780496,-35.792909484560084,2.297595083231015,-30.579998983838095,1.7117625935284033,17.708014075481174,2.4977188826330745,-11.868393923351874,2.7337623383380687,11.397648732501949,2.9860551623705804,-5.612901322485527
1.8785324263634533,102.34921878457205,1.4494920871895214,48.89402250962486,2.37456577530873,46.927749250580604,1.7630763882468803,-13.295085218286317,2.532783309024034,16.33619552265958,2.8748752738138803,-7.807811007000026,3.063025854448296,7.556556784601554
2.068108390184493,105.87021973681406,1.5150597137742419,-39.74374691668618,2.395946523108096,-32.50054495778829,1.8357709307647228,19.07983262830274,2.5584402063832727,-12.197630376029053,2.9304652180922304,-7.807811007000026,3.139996546526011,7.556556784601554
2.103457893212777,-86.00146851782955,1.570649658052592,53.10093273827768,2.490021813425303,-34.14672722117419,1.904189323722692,-14.392540060543581,2.686724693179465,17.708014075481174,2.968950564131088,12.495103574759185,3.5077454086750954,-6.710356164742791
2.2420051389526647,108.24803856170479,1.634791901450688,-43.475093380360875,2.537059458583907,50.63165934319885,1.9383985202016765,20.177287470560003,2.7465907870176878,-13.295085218286317,3.2229538479875486,13.702303901242175,3.533402306034334,8.65401162685879
2.3788419248686035,109.89422082509067,1.7053483691885938,57.627933962588855,2.6974150670791475,54.19838758053493,2.0581307078781226,21.82346973394587,2.8406660773348955,19.07983262830274,3.302490229801188,14.14128583814508,3.601820698992303,-6.710356164742791
2.4344318691469535,-89.77396953808886,1.754524089127134,-47.20643984403554,2.6995531418590843,-37.987819169074584,2.0453022591985035,-15.764358613365147,2.9432936667718494,-14.392540060543581,3.370908622759157,-9.453993270385922,3.601820698992303,8.65401162685879
2.6696200949399724,114.00967648355538,1.8468889196203928,62.42929889746435,2.866322974694134,58.03947952843532,2.1607582973150765,23.469651997331766,2.973226713690961,20.177287470560003,3.43077471659738,-9.453993270385922,3.6616867928305266,-6.710356164742791
2.7807999834966726,-93.95801612419467,1.8828085759233264,-51.157277276161665,2.926189068532357,-42.10327482753928,2.1671725216548863,-17.410540876751043,3.1639429840613005,-15.65461312913942,3.533402306034334,15.238740680402344,3.98667415938088,9.751466469116053
2.9646744145712147,117.85076843145578,2.0089549879395823,-54.72400551349773,3.04164510664893,61.88057147633572,2.2762143354316495,-18.782359429572608,3.1485488456457573,21.82346973394587,3.755762083147734,-10.551448112643186,4.080749449698088,10.025830179680383
3.028816657969311,-96.7016532298378,2.0089549879395823,67.91657310875063,3.1143396491667725,-45.670003064875374,2.3232519805902534,26.213289102974898,3.2297956872833455,-16.03872232392945,3.7771428309470996,16.33619552265958,4.157720141775803,-7.807811007000026
3.370908622759157,-100.5427451777382,2.159332914128452,70.84311935476998,3.139996546526011,64.07548116085023,2.3417819620163702,-19.69690513145366,3.2768333324419494,22.920924576203134,3.8156281769859572,-10.551448112643186,4.161996291335677,10.300193890244685
3.493491576808852,124.43549748499932,2.250557438072411,-58.29073375083382,3.311042528920934,-48.96236759164714,2.4330064859603286,28.042380506736976,3.418801497829736,24.128124902686096,4.018317666123941,17.54339584914257,4.248374512445113,-7.862683749112904
3.689054150013714,-103.83510970450993,2.366013476188984,74.77566587285848,3.370908622759157,69.01402795100789,2.4615141496928166,-21.34308739483953,3.422222417477634,-17.136177166186712,4.102130197497453,-11.64890295490045,4.345870722410218,-8.356538428128658
3.745499324204039,127.61811652754537,2.3446327283896187,-59.38818859309109,3.520573857354715,-52.80345953954753,2.5541640568233994,30.054381050875293,3.5847161007528108,25.664561681846266,4.085025599257961,17.982377786045475,4.43139371360768,-8.356538428128658
3.935360364662403,130.1971354068499,2.4985741125450494,77.24493926793731,3.5419546051540802,72.85511989890828,2.5783955709960136,-22.806360517849185,3.6189252972317956,-18.233632008443976,4.191929338254788,-12.197630376029053,4.508364405685396,11.397648732501949
4.043689486845855,-107.63047436731625,2.490021813425303,-61.583098277605586,3.7130005875490033,-56.370187776883625,2.654653571480417,-23.99526993029457,3.717276737108876,26.76201652410353,4.2560715816528845,19.07983262830274,4.568230499523619,11.397648732501949
4.080749449698088,-107.67620165241033,2.6097540011017495,-63.503644251555784,3.7258290362286224,76.970575557373,2.6696200949399724,31.97492702482549,3.8395746145212466,-19.495705077039815,4.427117564047807,20.177287470560003,4.884665566954227,12.495103574759185
4.136339393976438,131.8433176702358,2.7180831232852007,81.26894035621392,3.918255766422911,-60.1198251545959,2.7850761330565454,33.89547299877569,3.8455612239050687,27.859471366360793,4.457050610966919,-13.295085218286317,4.8932178660739725,-9.453993270385922
4.200481637374534,-109.32238391579625,2.7465907870176878,-65.42419022550598,4.04226410365923,-62.13182569873422,2.82569955387534,-26.190179614809068,3.901151168183419,-19.879814271829844,4.658029640280954,21.82346973394587,4.94453166079245,12.495103574759185
4.311661525931234,132.94077251249306,2.8235614790954036,83.28094090035222,4.04226410365923,83.82966832148084,2.898394096393182,35.67883711744372,4.0251595054197375,29.50565362974666,4.722171883679049,-14.392540060543581,4.974464707711561,-9.453993270385922
4.59174932210292,-111.72306638323397,2.866322974694134,-67.34473619945618,4.174824740015295,-63.778007962120114,2.914215849764713,-27.34250719917921,4.067921001018469,-20.977269114087107,4.837627921795622,22.920924576203134,5.269519027342803,13.592558417016448
4.6323727429217145,-111.79165731087505,2.9518459658915956,85.65875972524294,4.303109226811488,87.67076026938123,3.0031597606100724,37.46220123611178,4.132063244416565,30.603108472003925,4.992424535863028,-15.544867644913722,5.365304777483961,13.976667611806477
4.829075622675877,135.71870508195673,3.0068250316613927,-69.42206143658598,4.508364405685396,-67.61909991002051,3.0779923779078513,-29.48254414158086,4.20903393649428,-22.07472395634437,5.017226203310291,24.0183794184604,5.449117308857472,-10.551448112643186
4.867560968714734,-113.16347586369665,3.1421346213059476,89.17976067748496,4.628096593361842,-68.71655475227774,3.1293061726263285,39.519929065344115,4.260347731212757,31.97492702482549,5.077092297148515,-16.03872232392945,5.436288860177854,14.14128583814508
4.995845455510926,136.50750074982915,3.239773369589716,-72.83201041074247,4.87611326783448,95.90167158631066,3.172983985987889,-30.854362694402425,4.376278897058205,-23.47702736589531,5.089920745828134,24.567106839589,5.534640300054934,-10.551448112643186
5.038606951109657,-114.80965812708251,3.2768333324419494,-73.10637412130677,4.846180220915369,-71.4601918579209,3.255452584642584,41.57765689457648,4.388632218008949,33.346745577647056,5.256690578663184,25.664561681846266,5.774104675407826,15.238740680402344
5.179719886585469,-115.67847654386952,3.3606458638154617,93.37752544911898,5.085644596268261,98.6453086919538,3.274695257662013,-32.22618124722399,4.499812106565649,34.44420041990432,5.333661270740899,-17.136177166186712,5.833970769246049,15.238740680402344
5.517535701815442,139.52550156603658,3.4906408104356035,-76.67310235864286,5.149786839666357,-74.75255638469267,3.370908622759157,43.55307561063955,4.529745153484761,-24.818361061987503,5.436288860177854,26.76201652410353,5.996464452521226,-11.64890295490045
5.688581684210365,140.89732011885815,3.4478793148368725,95.35294416518204,5.335086653927523,102.12058235910179,3.3965655201183957,-33.83316869481499,4.623209565293416,35.776824156930985,5.594506393893157,-18.233632008443976,6.088829283014484,-11.813521181239025
5.739895478928841,-119.74820491724017,3.565473427733382,97.27349013913224,5.483326505336457,-78.59364833259306,3.496342343182101,45.601657982853084,4.679410388080319,-25.915815904244766,5.568849496533918,-99.99401775660954,6.1375773879970374,16.33619552265958
5.98791215340148,-121.39438718062604,3.724403653041998,100.29149095533968,5.59878254345303,106.05312887719028,3.5184357825747785,-35.518545773995754,4.752104930598161,37.18783752554745,5.607334842572776,27.859471366360793,6.184615033155642,-12.197630376029053
6.039225948119957,142.54350238224404,3.755762083147734,-80.51419430654323,5.816866171006557,-82.43474028049343,3.601820698992303,47.33929481642707,4.859008669594988,38.285292367804715,5.838246918805923,29.50565362974666,6.235928827874119,-12.197630376029053
6.2530334261136105,143.6409572245013,3.8156281769859572,101.93767321872556,5.872456115284907,109.89422082509067,3.6274775963515418,-36.89036432681732,4.867560968714734,-27.561998167630662,5.864759046077135,-19.385959592814118,6.411250959828915,17.433650364916844
6.235928827874119,-122.21747831231897,3.8327327752254496,-81.33728543823622,6.111920490637799,-85.63565023707713,3.717276737108876,49.25984079037728,4.982406128322754,39.61791610483138,5.953702956922496,-19.879814271829844,6.505326250146123,17.982377786045475
6.449736305867773,-123.58929686514057,3.9524649629018955,104.68131032436871,6.21027193051488,113.46094906242675,3.691619839749638,-37.85063731379242,4.995845455510926,-28.659453009887898,6.013569050760719,30.603108472003925,6.5694684935442185,-13.295085218286317
6.843142065376095,-124.68675170739783,4.012331056740119,-84.08092254387935,6.214548080074753,-86.27583222839382,3.814202793799333,50.906023053763164,5.115577643187373,41.028929473447846,6.162759157627401,31.944442168096145,6.637886886502188,-13.295085218286317
7.219443226644926,147.4820491724017,4.127787094856692,106.87622000888322,6.59940154046333,-89.47674218497752,3.800234038570414,-39.30476497978327,5.149786839666357,-29.75690785214516,6.167510434916149,-20.977269114087107,6.787552121097745,19.07983262830274
7.476012200237311,148.85386772522327,4.179100889575168,-86.00146851782955,6.7405144759391415,117.30204101032714,3.894736943843609,-40.45709256415341,5.222481382184199,42.12638431570511,6.3086233703919605,33.346745577647056,6.981879362207533,-14.392540060543581
7.54443059319528,-127.97911623416957,4.281728479012123,108.79676598283342,7.0911587398487335,-93.33089907147621,3.9695695611413875,53.37529644884199,5.333661270740899,-31.403090115531057,6.364213314670311,-22.07472395634437,7.065501842489495,20.177287470560003
7.7240288747099495,149.6769588569162,4.345870722410218,-87.37328707065109,7.236547824884418,120.59440553709892,3.978121860261134,-41.609420148523554,5.3564674017268885,43.589657438714795,6.436907857188153,34.44420041990432,7.0569495433697496,-14.392540060543581
7.800999566787665,-129.35093478699116,4.4855582746994065,110.90022109715983,7.741133472949442,124.43549748499932,4.069346384205093,55.112933282415966,5.474774206216711,44.87002142134824,6.567758033720269,-23.33679702494021,7.4075938072793415,-15.489994902800845
7.937836352703603,-129.6252984975555,4.448498311847173,-88.47074191290835,7.9292840535838565,126.0816797483852,4.091439823597771,-43.200729669796544,5.479050355776584,-32.50054495778829,6.582907820732391,35.855213788520786,7.437526854198453,21.82346973394587
8.151643830697257,152.42059596255936,4.529745153484761,111.26603937791225,8.10033003597878,-101.0914725988668,4.197060717726636,57.161515654629525,5.5859540947734105,45.967476263605505,6.633610736942314,-23.720906219730267,7.501669097596549,-15.789300768871016
8.151643830697257,-130.7227533398127,4.735000332358669,-91.21437901855148,8.125986933338018,127.17913459064246,4.18907857188154,-44.38963908224193,5.6158871416925225,-33.59799980004556,6.727686027259522,37.18783752554745,7.591468238353884,-16.03872232392945
8.527944991966088,153.5180508048166,4.8632848191548605,115.10713132581265,8.262823719253957,128.2765894328997,4.281728479012123,58.588206949563954,5.7313431798090955,47.6136585269914,6.82176131757673,-24.818361061987503,7.71120042603033,22.920924576203134
8.65622947876228,154.06677822594523,4.98729315639118,-93.95801612419467,8.530795758339337,-104.47529169582668,4.2710381051124395,-45.53282120959321,5.799761572767065,-35.24418206343145,6.851694364495842,38.285292367804715,7.963493250062841,-17.136177166186712
8.805894713357837,-133.4938268165123,5.1241299423071185,-95.05547096645188,8.793066264678219,132.19607101238992,4.362975320649711,-46.76745790713264,5.8467992179256685,48.711113369248636,6.997083449531526,39.65711092062628,7.990100402879829,24.0183794184604
8.912798452354664,155.4385967787668,5.183996036145341,118.94822327371304,9.006873742671873,-108.22492907353899,4.418565264928061,60.78311663407847,5.945150657802749,-36.34163690568869,7.005635748651272,-25.915815904244766,8.029060876647561,-17.136177166186712
9.374622604820956,157.359142752717,5.256690578663184,-96.42728951927347,9.21212892154578,135.41004590757188,4.479856741952908,-48.23073103014232,5.953702956922496,49.8085682115059,7.142472534567211,41.028929473447846,8.369727458250784,25.664561681846266
9.588430082814611,159.0053250161029,5.48760265489633,-98.89656291435227,9.314756510982734,135.95877332870052,4.502662872938898,62.24638975708814,6.103979070026607,-37.752650274305154,7.26648087180353,-27.561998167630662,8.374003607810657,-18.233632008443976
9.673953074012072,-137.58184610392055,5.526088000935188,122.78931522161344,9.388876436687202,-111.42583903012263,4.561816275183809,-49.373913157493604,6.086263593278561,51.45475047489178,7.26648087180353,42.12638431570511,8.442422000768627,-18.233632008443976
9.802237560808264,-137.85620981448488,5.603058693012903,123.8867700638707,9.498630942057275,-112.06602102143938,4.636648892481587,64.34984487141455,6.180338883595769,52.552205317149046,7.417215143789056,43.56679379616776,8.64340103008266,26.76201652410353
9.836446757287248,159.55405243723152,5.697133983330111,124.43549748499932,9.738095317410169,139.25113785547228,4.696514986319811,-51.157277276161665,6.244481126993865,-39.08527401133185,7.467459901117564,-28.659453009887898,8.793066264678219,-19.33108685070124
0.29746061167747917,53.976143141153074,5.854740638536861,-102.65926523066287,9.876357486512731,-115.26693097802303,4.7478287810382875,66.27039084536474,6.274414173912977,53.649660159406295,7.561535191434772,44.87002142134824,8.8879967849074,-19.66032330337842
0.5298517145505096,68.29025844930418,5.855351517045415,126.63040716951383,9.99038814144268,-115.90711296933978,4.801993342130014,-52.43764125879511,6.364213314670311,-40.18272885358908,7.659886631311853,-29.75690785214516,8.925626901034283,27.859471366360793
1.6081464318813714,96.91848906560635,5.9023891622040185,-102.73765486225267,0.11154772937905466,5.069582504970157,4.8889417165141,68.46530052987926,6.3941463615894225,55.29584242279219,7.685543528671092,45.967476263605505,8.976940695752761,-19.879814271829844
0.009295644114921224,-0.2982107355864798,5.945150657802749,127.7278620117711,0.009295644114921224,0.2982107355864798,4.859008669594988,-53.352186960676164,6.5096023997059955,-41.55454740641068,7.852313361506141,47.6136585269914,9.293375763183368,29.50565362974666
0.04647822057460612,15.208747514910527,6.201719631395134,129.37404427515696,0.45548656163113993,8.051689860835012,4.9488078103523225,69.56275537213651,6.48822165190663,56.39329726504944,7.920731754464111,-31.403090115531057,9.34896570746172,-20.977269114087107
0.07436515291936976,24.75149105367791,6.227376528754372,-105.48129196789586,0.6135125115848006,10.43737574552685,4.975890090898185,-54.81546008368585,6.582296942223838,57.49075210730669,7.97632169874246,48.711113369248636,9.417384100419687,-20.977269114087107
0.10225208526413343,28.330019880715724,6.37704176334993,130.47149911741423,1.9427896200185355,37.27634194831015,5.078517680335139,-56.187278636507415,6.650715335181807,-42.92636595923224,8.10033003597878,49.8085682115059,9.57560163413499,30.603108472003925
,,6.381317912909803,-106.57874681015306,0.12084337349397589,-2.0874751491053587,5.129261321778967,72.41613796200538,6.706305279460157,59.136934370692586,8.108882335098526,-32.50054495778829,9.76802836432928,-22.07472395634437
,,6.483945502346757,131.02022653854286,0.21379981464318812,-3.876739562624266,5.146936073293108,-57.01036976820038,6.7704475228582535,-44.02382080148948,8.26709986881383,51.45475047489178,9.857827505086615,31.70056331426119
,,6.6250584378225685,-107.95056536297466,,,5.213929083064453,73.95257474116553,6.796104420217492,60.234389212949836,8.305585214852687,-33.59799980004556,9.832170607727376,-22.07472395634437
,,6.620782288262696,131.5689539596715,,,5.2666682609695545,-58.656552031586244,6.910491420944096,-45.32704842666999,8.395384355610021,52.552205317149046,9.947626645843949,32.24929073538982
,,6.952183879152859,-110.14547504748919,,,5.368725697131858,76.3669753941315,6.908139538686166,61.661080507884265,8.515116543286469,53.649660159406295,0.4740778498609823,2.6838966202783183
,,6.971426552172288,133.763863644186,,,5.367870467219884,-59.93691601421972,7.045546477876754,63.34384459934539,8.562154188445072,-35.24418206343145,0.3253475440222428,-0.2982107355864798
,,7.005635748651272,-110.41983875805346,,,5.4405650097377265,77.61075754868972,7.0569495433697496,-46.76745790713264,8.686162525681391,55.29584242279219,0.45548656163113993,-2.6838966202783183
,,7.082606440728988,-110.96856617918212,,,5.437714243364478,-60.85146171610077,7.139621768193962,64.44129944160265,8.758857068199234,-36.34163690568869,0.6785820203892492,-2.6838966202783183
,,7.108263338088226,134.31259106531462,,,5.553882973074363,-62.40618940929852,7.180957880606068,-47.8649127493899,8.805894713357837,56.39329726504944,,
,,7.450355302878072,-113.16347586369665,,,5.5873794779600345,79.98857637358044,7.221581301424862,65.58448156895396,8.93417920015403,57.49075210730669,,
,,7.634229733952615,137.05622817095775,,,5.637267889491888,-63.55851699366866,7.32207081608188,-49.23673130221147,8.970954086368938,-37.603709974284556,,
,,8.091777736859033,-117.00456781159704,,,5.684305534650492,81.63475863696632,7.326346965641753,66.81911826649338,9.03253064003111,-37.987819169074584,,
,,8.160196129817002,139.7998652766009,,,5.7501582378725375,-65.0949537728288,7.447504536504823,68.28239138950305,9.10094903298908,59.136934370692586,,
,,8.215786074095353,-118.1020226538543,,,5.797623497987128,83.41812275563437,7.454631452437946,-50.60854985503303,9.216405071105653,-39.08527401133185,,
,,8.3355182617718,140.89732011885815,,,5.844661143145732,-66.24728135719891,7.527325994955787,69.2883916615722,9.224957370225399,60.234389212949836,,
,,8.425317402529133,-119.19947749611151,,,5.919493760443511,85.47585058486673,7.591468238353884,-51.7060046972903,9.375691642210924,61.674798693412484,,
,,8.476631197247611,141.9947749611154,,,5.928046059563257,-67.39960894156906,7.634229733952615,70.66021021439377,9.408831801299941,-40.18272885358908,,
,,8.703267123920885,-120.84565975949744,,,6.026397499440337,-68.71655475227774,7.728305024269822,71.75766505665102,9.515735540296768,62.97802631859298,,
,,8.82299931159733,-121.66875089119037,,,6.0546200865354995,87.56101478515552,7.7539619216290605,-53.352186960676164,9.620928819469645,-41.44480192218495,,
,,8.981216845312634,-123.04056944401191,,,6.15468198623653,-69.81400959453501,7.840340142738497,73.18435635158545,9.639743877533087,64.07548116085023,,
,,9.033752397048216,144.73841206675854,,,6.171786584476022,88.7682151116385,7.873694109305507,-54.44964180293343,9.682505373131818,-41.82891111697498,,
,,9.21854314588559,-124.4123879968335,,,6.282966473032722,89.86566995389575,7.997702446541826,-55.54709664519069,9.785132962568772,65.41681485694244,,
,,9.297651912743241,-124.68675170739783,,,6.309098498120836,-71.21631300408595,8.036187792580684,75.59875700455142,9.862103654646488,-42.92636595923224,,
,,9.34896570746172,-125.23547912852644,,,6.411861838337468,91.27668332251223,8.160196129817002,-57.19327890857656,9.93479819716433,66.81911826649338,,
,,9.494354792497402,147.4820491724017,,,6.4540124554276455,-72.55764670017814,8.160196129817002,77.24493926793731,10.041701936161157,-44.02382080148948,,
,,9.682505373131818,148.57950401465894,,,6.5395354466251066,92.60930705953889,8.254271420134211,78.34239411019456,0.33464318813716404,2.0874751491053587,,
,,9.746647616529915,148.57950401465894,,,6.590849241343584,-73.6551015424354,8.284204467053323,-58.29073375083382,0,-0.2982107355864798,,
,,9.887760552005727,-128.52784365529823,,,6.650715335181807,93.70676190179614,8.344070560891545,79.43984895245183,1.1154772937905466,-5.069582504970185,,
,,9.913417449364964,149.6769588569162,,,6.735763198650393,-74.99643523852762,8.403936654729769,-59.38818859309109,0.6971733086190917,-3.876739562624266,,
,,9.947626645843949,-128.52784365529823,,,6.783275971537872,95.11777527041262,8.468078898127864,81.0860312158377,0.2881649675625579,-2.0874751491053587,,
,,0.13013901760889712,-7.455268389662024,,,6.890179710534699,-76.39873864807853,8.566430338004945,-61.034370856476954,,,,
,,0.01859128822984244,-3.280318091451278,,,6.911560458334065,96.45039900743929,8.593512618550808,82.54930433884738,,,,
,,0.01859128822984244,0.2982107355864798,,,7.018464197330892,-77.4961934903358,8.660505628322152,83.28094090035222,,,,
,,0.13013901760889712,7.455268389662052,,,7.022740346890765,97.54785384969655,8.690438675241264,-62.13182569873422,,,,
,,0.2881649675625579,11.63021868787277,,,7.151024833686957,98.91967240251812,8.775961666438725,84.9271231637381,,,,
,,0.46478220574606116,15.208747514910527,,,7.171930453757447,-78.83752718642802,8.814447012477583,-63.22928054099148,,,,
,,,,,,7.339175414321372,100.84021837646831,8.874313106315807,86.02457800599535,,,,
,,,,,,7.32207081608188,-80.23983059597896,8.98634822478448,87.45126930092978,,,,
,,,,,,7.399041508159596,101.38894579759695,8.976940695752761,-64.87546280437735,,,,
,,,,,,7.454631452437946,-81.33728543823622,9.088120584309461,88.7682151116385,,,,
,,,,,,7.5236607239044675,102.79995916621343,9.096672883429207,-65.97291764663461,,,,
,,,,,,7.604296687033503,-82.70910399105776,9.182195874626668,89.86566995389575,,,,
,,,,,,7.651334332192107,104.13258290324008,9.241451089956337,-67.30554138366128,,,,
,,,,,,7.758238071188933,-84.08092254387935,9.294230993095342,91.29236124883018,,,,
,,,,,,7.773917286241802,105.41294688587355,9.37889875438083,-68.71655475227774,,,,
,,,,,,7.891409586053553,106.64105111411381,9.400279502180195,92.60930705953889,,,,
,,,,,,7.9083784335133664,-85.48322595343029,9.49007864293753,93.70676190179614,,,,
,,,,,,8.040463942140557,-86.58939075475308,9.507183241177023,-69.81400959453501,,,,
,,,,,,8.019083194341192,107.97367485114047,9.602113761406203,95.13345319673057,,,,
,,,,,,8.14675680262883,109.30629858816715,9.648296176652833,-71.18582814735657,,,,
,,,,,,8.190129176736114,-87.92201449177975,9.708162270491057,96.45039900743929,,,,
,,,,,,8.259158448202637,110.4821430620142,9.789409112128645,-72.55764670017814,,,,
,,,,,,8.34454568862042,-89.32431790133069,9.802237560808264,97.54785384969655,,,,
,,,,,,8.386832056490276,111.81476679904087,9.909996529717064,98.97454514463098,,,,
,,,,,,8.48945964592723,-90.66565159742288,9.917693598924837,-73.6551015424354,,,,
,,,,,,8.514505664777916,113.14739053606755,0.8644949026876736,4.473161033797197,,,,
,,,,,,8.622020282283295,-91.76310643968014,0.6413994439295643,5.069582504970157,,,,
,,,,,,8.64340103008266,114.55840390468401,0.41830398517145506,3.280318091451278,,,,
,,,,,,8.771210389149978,-93.10444013577234,0,-0.2982107355864798,,,,
,,,,,,8.75458091863936,115.65585874694128,,,,,,
,,,,,,8.882254526927,116.98848248396794,,,,,,
,,,,,,8.92135075147441,-94.50674354532327,,,,,,
,,,,,,9.011149892231746,118.39949585258441,,,,,,
,,,,,,9.053911387830476,-95.60419838758054,,,,,,
,,,,,,9.122329780788446,119.49695069484167,,,,,,
,,,,,,9.208327899714783,-97.00650179713148,,,,,,
,,,,,,9.250003389076083,120.82957443186834,,,,,,
,,,,,,9.357518006581465,-98.34783549322367,,,,,,
,,,,,,9.37889875438083,122.2405878004848,,,,,,
,,,,,,9.49007864293753,123.33804264274207,,,,,,
,,,,,,9.49007864293753,-99.44529033548093,,,,,,
,,,,,,9.622639279293596,124.70986119556363,,,,,,
,,,,,,9.649721559839458,-100.90856345849062,,,,,,
,,,,,,9.746647616529915,126.0816797483852,,,,,,
,,,,,,9.789409112128645,-102.18892744112406,,,,,,
,,,,,,9.862103654646488,127.17913459064246,,,,,,
,,,,,,9.917693598924837,-103.28638228338133,,,,,,
,,,,,,9.979697767542998,128.41377128818186,,,,,,
,,,,,,10.041701936161157,-104.38383712563859,,,,,,
,,,,,,0.3718257645968489,4.473161033797197,,,,,,
,,,,,,0.17661723818350322,2.6838966202783183,,,,,,
,,,,,,0.009295644114921224,-0.8946322067594394,,,,,,
,,,,,,0.12084337349397589,-3.876739562624266,,,,,,
,,,,,,0.35323447636700644,-4.473161033797226,,,,,,
